client_id,epoch,batch_index,latency_seconds,payload_size_mb,edge_forward,edge_backward,server_forward,server_backward,inter_delay,grad_delay
70b0959a,1,1,2.4782,34.3788,0.4271,0.5254,0.3594,0.4935,0.6307,0.0421
1c7b04d5,1,1,2.7859,34.3788,0.4869,0.5389,0.4215,0.5768,0.5957,0.1661
a08a3379,1,1,1.3595,8.5964,0.1103,0.1301,0.0991,0.1322,0.8589,0.0288
6919d271,1,1,1.5874,8.5964,0.1187,0.1493,0.1320,0.1734,0.9786,0.0354
6919d271,1,2,0.4979,8.5966,0.0971,0.1193,0.0943,0.1481,0.0106,0.0285
6919d271,1,3,0.4931,8.5964,0.0900,0.1763,0.0712,0.1200,0.0078,0.0278
6919d271,1,4,0.5070,8.5963,0.0950,0.1726,0.0660,0.1387,0.0093,0.0254
6919d271,2,5,0.6751,8.5964,0.1296,0.1631,0.1039,0.2215,0.0180,0.0390
6919d271,2,6,0.5846,8.5964,0.1174,0.1332,0.1111,0.1785,0.0141,0.0303
6919d271,2,7,0.4760,8.5968,0.0919,0.1158,0.0904,0.1452,0.0095,0.0232
6919d271,2,8,0.5013,8.5965,0.0860,0.1387,0.0847,0.1502,0.0077,0.0341
6919d271,1,1,0.6036,8.5967,0.0927,0.1593,0.0917,0.1585,0.0706,0.0308
6919d271,1,2,0.4969,8.5963,0.1110,0.1205,0.0929,0.1407,0.0091,0.0226
6919d271,1,3,0.4374,8.5967,0.0893,0.1183,0.0682,0.1277,0.0079,0.0260
6919d271,1,4,0.5418,8.5966,0.0883,0.1499,0.0906,0.1709,0.0100,0.0320
6919d271,2,5,0.6009,8.5966,0.1204,0.1596,0.1022,0.1762,0.0125,0.0300
6919d271,2,6,0.5401,8.5964,0.1088,0.1162,0.1054,0.1707,0.0125,0.0265
6919d271,2,7,0.4761,8.5965,0.0847,0.1352,0.0821,0.1461,0.0072,0.0209
6919d271,2,8,0.5115,8.5964,0.0894,0.1426,0.0898,0.1551,0.0095,0.0252
6919d271,1,1,0.4677,8.5970,0.0879,0.1295,0.0767,0.1373,0.0105,0.0258
6919d271,1,2,0.4502,8.5964,0.0908,0.1234,0.0776,0.1284,0.0086,0.0214
6919d271,1,3,0.4582,8.5965,0.0840,0.1339,0.0738,0.1317,0.0073,0.0275
6919d271,1,4,0.5283,8.5963,0.0973,0.1439,0.0984,0.1522,0.0105,0.0260
6919d271,2,5,0.5838,8.5969,0.1102,0.1629,0.1098,0.1627,0.0095,0.0287
6919d271,2,6,0.5027,8.5963,0.0968,0.1178,0.0957,0.1574,0.0117,0.0233
6919d271,2,7,0.4996,8.5965,0.0880,0.1462,0.0814,0.1472,0.0074,0.0293
6919d271,2,8,0.4662,8.5965,0.0955,0.1435,0.0690,0.1267,0.0105,0.0211
6919d271,1,1,0.5299,8.5964,0.0979,0.1302,0.0911,0.1680,0.0114,0.0313
6919d271,1,2,0.5329,8.5964,0.0904,0.1535,0.0943,0.1582,0.0069,0.0295
6919d271,1,3,0.5018,8.5963,0.1183,0.1183,0.0861,0.1452,0.0110,0.0228
6919d271,1,4,0.5424,8.5974,0.0900,0.1462,0.0945,0.1776,0.0101,0.0240
6919d271,2,5,0.5984,8.5968,0.1148,0.1670,0.0967,0.1728,0.0123,0.0347
6919d271,2,6,0.5987,8.5968,0.1224,0.1439,0.1019,0.1929,0.0112,0.0264
6919d271,2,7,0.4705,8.5965,0.1016,0.1174,0.0733,0.1488,0.0085,0.0209
6919d271,2,8,0.4964,8.5966,0.0884,0.1301,0.0927,0.1512,0.0089,0.0252
ad61ece9,1,1,1.5880,8.5970,0.1125,0.1931,0.1093,0.1563,0.9806,0.0362
ad61ece9,1,2,0.4964,8.5965,0.1175,0.1233,0.0853,0.1358,0.0086,0.0259
ad61ece9,1,3,0.4972,8.5964,0.0915,0.1246,0.0849,0.1635,0.0076,0.0251
ad61ece9,1,4,0.5045,8.5963,0.0964,0.1169,0.0896,0.1611,0.0095,0.0310
ad61ece9,2,5,0.5665,8.5964,0.0953,0.1612,0.0919,0.1711,0.0102,0.0369
ad61ece9,2,6,0.5568,8.5964,0.1247,0.1405,0.0947,0.1619,0.0099,0.0250
ad61ece9,2,7,0.5688,8.5965,0.1039,0.1410,0.0989,0.1828,0.0104,0.0318
ad61ece9,2,8,0.4632,8.5968,0.0976,0.1389,0.0683,0.1280,0.0087,0.0217
ad61ece9,1,1,0.5737,8.5964,0.0944,0.1593,0.0971,0.1352,0.0626,0.0251
ad61ece9,1,2,0.5961,8.5964,0.1300,0.1433,0.1067,0.1681,0.0229,0.0251
ad61ece9,1,3,0.4940,8.5964,0.1004,0.1534,0.0737,0.1350,0.0090,0.0226
ad61ece9,1,4,0.5191,8.5967,0.1062,0.1627,0.0757,0.1407,0.0087,0.0250
ad61ece9,2,5,0.6122,8.5963,0.1139,0.1802,0.0875,0.1810,0.0110,0.0386
ad61ece9,2,6,0.5986,8.5966,0.1256,0.1550,0.1027,0.1761,0.0137,0.0256
ad61ece9,2,7,0.5098,8.5971,0.0961,0.1672,0.0751,0.1417,0.0073,0.0224
ad61ece9,2,8,0.5392,8.5972,0.0922,0.1482,0.0972,0.1701,0.0081,0.0233
ad61ece9,1,1,0.5358,8.5964,0.1165,0.1526,0.0863,0.1395,0.0114,0.0295
ad61ece9,1,2,0.5474,8.5964,0.1259,0.1525,0.0821,0.1500,0.0119,0.0250
ad61ece9,1,3,0.5351,8.5963,0.1088,0.1421,0.0805,0.1673,0.0094,0.0270
ad61ece9,1,4,0.6020,8.5967,0.1106,0.1563,0.1005,0.1912,0.0109,0.0325
ad61ece9,2,5,0.6520,8.5965,0.1140,0.1726,0.1129,0.2008,0.0142,0.0376
ad61ece9,2,6,0.5938,8.5965,0.1176,0.1386,0.1121,0.1808,0.0133,0.0315
ad61ece9,2,7,0.4896,8.5964,0.0988,0.1521,0.0731,0.1318,0.0069,0.0268
ad61ece9,2,8,0.4936,8.5966,0.1097,0.1410,0.0721,0.1364,0.0098,0.0247
ad61ece9,1,1,0.5501,8.5963,0.1060,0.1573,0.0941,0.1555,0.0107,0.0265
ad61ece9,1,2,0.6015,8.5969,0.1199,0.1711,0.0902,0.1770,0.0113,0.0319
ad61ece9,1,3,0.6141,8.5965,0.1275,0.1793,0.0871,0.1761,0.0117,0.0324
ad61ece9,1,4,0.5745,8.5964,0.1030,0.1315,0.1214,0.1860,0.0085,0.0240
ad61ece9,2,5,0.6444,8.5964,0.1068,0.1997,0.0955,0.1886,0.0118,0.0420
ad61ece9,2,6,0.5976,8.5963,0.1385,0.1353,0.1181,0.1677,0.0146,0.0233
ad61ece9,2,7,0.5481,8.5964,0.0938,0.1613,0.0894,0.1634,0.0086,0.0316
ad61ece9,2,8,0.5740,8.5971,0.1082,0.1639,0.0754,0.1849,0.0105,0.0310
e531ccd9,1,1,1.6728,8.5964,0.1333,0.1836,0.1227,0.1973,0.9936,0.0424
741c817a,1,1,1.9691,8.5963,0.1333,0.1766,0.1035,0.1678,1.3440,0.0440
e531ccd9,1,2,0.5613,8.5972,0.1280,0.1637,0.0764,0.1489,0.0087,0.0356
741c817a,1,2,0.5977,8.5964,0.1249,0.1753,0.0929,0.1573,0.0106,0.0366
e531ccd9,1,3,0.5934,8.5964,0.1068,0.1624,0.0976,0.1703,0.0233,0.0330
741c817a,1,3,0.5793,8.5967,0.1353,0.1477,0.0941,0.1630,0.0119,0.0274
e531ccd9,1,4,0.6132,8.5963,0.1062,0.1590,0.1002,0.1681,0.0479,0.0317
741c817a,1,4,0.5850,8.5968,0.1030,0.1595,0.0954,0.1731,0.0253,0.0288
e531ccd9,2,5,0.5814,8.5966,0.1136,0.1728,0.0872,0.1663,0.0143,0.0272
741c817a,2,5,0.6227,8.5965,0.1283,0.1854,0.0888,0.1731,0.0101,0.0371
e531ccd9,2,6,0.6346,8.5965,0.1242,0.1707,0.1007,0.1858,0.0145,0.0388
741c817a,2,6,0.6055,8.5964,0.1379,0.1520,0.0936,0.1721,0.0126,0.0373
e531ccd9,2,7,0.6152,8.5964,0.1190,0.1801,0.0914,0.1737,0.0169,0.0342
741c817a,2,7,0.5830,8.5966,0.1140,0.1572,0.1146,0.1569,0.0145,0.0258
e531ccd9,2,8,0.5481,8.5965,0.1258,0.1500,0.0971,0.1379,0.0121,0.0251
741c817a,2,8,0.5112,8.5969,0.0911,0.1395,0.0950,0.1447,0.0223,0.0186
e531ccd9,1,1,0.6515,8.5966,0.1168,0.1863,0.0855,0.1585,0.0690,0.0354
741c817a,1,1,0.9077,8.5963,0.1093,0.1527,0.1027,0.1820,0.3282,0.0328
e531ccd9,1,2,0.5936,8.5972,0.1238,0.1724,0.0925,0.1638,0.0087,0.0324
741c817a,1,2,0.6085,8.5964,0.1168,0.1660,0.1034,0.1664,0.0267,0.0291
e531ccd9,1,3,0.6035,8.5964,0.1155,0.1592,0.1070,0.1791,0.0128,0.0299
741c817a,1,3,0.6454,8.5965,0.1149,0.1603,0.0980,0.1894,0.0466,0.0362
e531ccd9,1,4,0.5459,8.5966,0.1165,0.1302,0.0936,0.1590,0.0205,0.0262
741c817a,1,4,0.5182,8.5964,0.1018,0.1471,0.0835,0.1428,0.0095,0.0335
e531ccd9,2,5,0.6317,8.5963,0.1022,0.1871,0.0918,0.1765,0.0428,0.0313
741c817a,2,5,0.7373,8.5967,0.1083,0.2027,0.1169,0.2250,0.0436,0.0409
e531ccd9,2,6,0.6895,8.5964,0.1267,0.1839,0.1043,0.2082,0.0337,0.0327
741c817a,2,6,0.6355,8.5968,0.1350,0.1890,0.0989,0.1651,0.0135,0.0339
e531ccd9,2,7,0.7016,8.5964,0.1196,0.2375,0.1128,0.1749,0.0107,0.0462
741c817a,2,7,0.7224,8.5970,0.1112,0.1774,0.1604,0.2194,0.0211,0.0328
e531ccd9,2,8,0.6382,8.5966,0.1215,0.1786,0.0960,0.1805,0.0316,0.0301
741c817a,2,8,0.5516,8.5964,0.1301,0.1324,0.0956,0.1545,0.0101,0.0290
741c817a,1,1,0.5854,8.5964,0.1058,0.1689,0.0883,0.1756,0.0131,0.0337
e531ccd9,1,1,0.8822,8.5964,0.1129,0.1611,0.1028,0.1718,0.2937,0.0398
741c817a,1,2,0.5529,8.5963,0.1091,0.1602,0.0856,0.1578,0.0100,0.0302
e531ccd9,1,2,0.5825,8.5965,0.1206,0.1613,0.0964,0.1630,0.0105,0.0306
741c817a,1,3,0.5592,8.5968,0.1142,0.1546,0.0835,0.1579,0.0237,0.0253
e531ccd9,1,3,0.6708,8.5967,0.1198,0.2065,0.0960,0.1859,0.0107,0.0518
741c817a,1,4,0.7661,8.5967,0.1237,0.1472,0.1397,0.2387,0.0817,0.0351
e531ccd9,1,4,0.6465,8.5963,0.1568,0.1729,0.0976,0.1621,0.0160,0.0410
741c817a,2,5,0.6553,8.5965,0.1138,0.1921,0.1021,0.1793,0.0238,0.0442
e531ccd9,2,5,0.7186,8.5969,0.1275,0.2064,0.1093,0.2136,0.0104,0.0514
741c817a,2,6,0.7271,8.5969,0.1305,0.2187,0.1028,0.2051,0.0215,0.0487
e531ccd9,2,6,0.7750,8.5965,0.1526,0.2153,0.1317,0.2158,0.0171,0.0424
741c817a,2,7,0.7785,8.5965,0.1355,0.1927,0.1301,0.2368,0.0543,0.0290
e531ccd9,2,7,0.6994,8.5967,0.1533,0.1733,0.1186,0.2031,0.0126,0.0385
741c817a,2,8,0.6924,8.5963,0.1324,0.2076,0.1008,0.1814,0.0262,0.0439
e531ccd9,2,8,0.6335,8.5964,0.1162,0.1631,0.1216,0.1887,0.0161,0.0278
741c817a,1,1,0.6219,8.5972,0.1157,0.1705,0.1043,0.1830,0.0126,0.0360
e531ccd9,1,1,0.9192,8.5963,0.1339,0.1908,0.1086,0.1722,0.2802,0.0333
741c817a,1,2,0.6158,8.5970,0.1354,0.1575,0.1069,0.1738,0.0124,0.0299
e531ccd9,1,2,0.5835,8.5963,0.1069,0.1707,0.0914,0.1562,0.0212,0.0369
741c817a,1,3,0.5307,8.5963,0.1121,0.1381,0.0900,0.1530,0.0096,0.0278
e531ccd9,1,3,0.5452,8.5966,0.1194,0.1642,0.0844,0.1420,0.0092,0.0260
741c817a,1,4,0.5799,8.5964,0.0959,0.1748,0.0932,0.1608,0.0245,0.0306
e531ccd9,1,4,0.5860,8.5968,0.0989,0.1573,0.0978,0.1929,0.0093,0.0298
741c817a,2,5,0.6244,8.5967,0.1288,0.1929,0.0966,0.1681,0.0107,0.0273
e531ccd9,2,5,0.6592,8.5965,0.1124,0.1880,0.1016,0.1948,0.0205,0.0419
741c817a,2,6,0.7871,8.5964,0.1406,0.2435,0.1222,0.2223,0.0181,0.0403
e531ccd9,2,6,0.7469,8.5969,0.1443,0.1961,0.1085,0.1929,0.0647,0.0404
741c817a,2,7,0.6493,8.5963,0.1463,0.1672,0.1122,0.1811,0.0135,0.0290
e531ccd9,2,7,0.7056,8.5965,0.1259,0.1556,0.1116,0.2023,0.0706,0.0397
741c817a,2,8,0.6071,8.5964,0.1405,0.1860,0.0855,0.1486,0.0120,0.0345
e531ccd9,2,8,0.5545,8.5963,0.1077,0.1357,0.1067,0.1705,0.0093,0.0245
a9daf54c,1,1,1.6830,8.5966,0.1254,0.1755,0.1440,0.2005,1.0002,0.0375
d20756ae,1,1,1.9722,8.5966,0.1254,0.1623,0.1002,0.1770,1.3700,0.0371
a9daf54c,1,2,0.5380,8.5963,0.1255,0.1477,0.0794,0.1517,0.0093,0.0244
d20756ae,1,2,0.5227,8.5965,0.1024,0.1422,0.0912,0.1530,0.0093,0.0246
a9daf54c,1,3,0.5114,8.5968,0.1049,0.1459,0.0740,0.1449,0.0124,0.0293
d20756ae,1,3,0.5933,8.5968,0.1195,0.1681,0.0962,0.1657,0.0118,0.0320
a9daf54c,1,4,0.6192,8.5968,0.1049,0.1643,0.0927,0.1611,0.0633,0.0329
d20756ae,1,4,0.6081,8.5963,0.1121,0.2010,0.0854,0.1694,0.0089,0.0312
a9daf54c,2,5,0.6616,8.5967,0.1061,0.1599,0.1280,0.1978,0.0398,0.0299
d20756ae,2,5,0.6418,8.5964,0.1385,0.1664,0.0987,0.1954,0.0111,0.0318
a9daf54c,2,6,0.6672,8.5963,0.1210,0.1741,0.1038,0.1969,0.0356,0.0358
d20756ae,2,6,0.6373,8.5965,0.1300,0.1434,0.1111,0.2064,0.0143,0.0321
a9daf54c,2,7,0.6000,8.5966,0.1300,0.1580,0.0863,0.1688,0.0207,0.0362
d20756ae,2,7,0.5200,8.5964,0.1115,0.1328,0.0831,0.1569,0.0105,0.0252
a9daf54c,2,8,0.5496,8.5967,0.1072,0.1552,0.0790,0.1742,0.0102,0.0238
d20756ae,2,8,0.6102,8.5967,0.1073,0.1636,0.0901,0.1729,0.0512,0.0251
a9daf54c,3,9,0.5966,8.5964,0.1096,0.1572,0.1045,0.1792,0.0120,0.0341
d20756ae,3,9,0.6377,8.5968,0.1126,0.1692,0.1001,0.2049,0.0195,0.0314
a9daf54c,3,10,0.6760,8.5965,0.1265,0.1773,0.1081,0.2042,0.0227,0.0371
d20756ae,3,10,0.6601,8.5964,0.1307,0.1507,0.1112,0.2064,0.0172,0.0438
a9daf54c,3,11,0.6055,8.5965,0.1252,0.1489,0.0953,0.1790,0.0282,0.0289
d20756ae,3,11,0.5735,8.5964,0.1172,0.1450,0.0949,0.1781,0.0122,0.0261
a9daf54c,3,12,0.5419,8.5967,0.1087,0.1411,0.0869,0.1584,0.0218,0.0251
d20756ae,3,12,0.5836,8.5965,0.1039,0.1667,0.0911,0.1791,0.0117,0.0310
a9daf54c,4,13,0.5955,8.5964,0.1094,0.1674,0.0867,0.1563,0.0429,0.0328
d20756ae,4,13,0.7908,8.5964,0.1190,0.2534,0.1177,0.2446,0.0161,0.0400
a9daf54c,4,14,0.8113,8.5966,0.1376,0.1867,0.1145,0.2168,0.1212,0.0345
d20756ae,4,14,0.6429,8.5963,0.1769,0.1496,0.1013,0.1679,0.0111,0.0361
a9daf54c,4,15,0.5370,8.5964,0.1162,0.1519,0.0837,0.1478,0.0091,0.0283
d20756ae,4,15,0.6498,8.5966,0.1163,0.1736,0.0954,0.1532,0.0859,0.0255
a9daf54c,4,16,0.6084,8.5965,0.1181,0.1547,0.1123,0.1825,0.0127,0.0281
d20756ae,4,16,0.6201,8.5964,0.1174,0.1555,0.1033,0.1720,0.0427,0.0291
a9daf54c,5,17,0.6185,8.5967,0.1237,0.1689,0.0968,0.1811,0.0147,0.0333
d20756ae,5,17,0.6092,8.5964,0.1169,0.1756,0.0884,0.1769,0.0195,0.0319
a9daf54c,5,18,0.6266,8.5968,0.1234,0.1819,0.0932,0.1821,0.0130,0.0330
d20756ae,5,18,0.5988,8.5965,0.1261,0.1426,0.0925,0.1875,0.0187,0.0314
a9daf54c,5,19,0.5317,8.5963,0.1339,0.1489,0.0783,0.1374,0.0082,0.0249
d20756ae,5,19,0.5007,8.5964,0.0939,0.1334,0.0895,0.1431,0.0165,0.0244
a9daf54c,5,20,0.5038,8.5964,0.1006,0.1542,0.0767,0.1369,0.0085,0.0268
d20756ae,5,20,0.5570,8.5963,0.1023,0.1699,0.0939,0.1554,0.0109,0.0245
a9daf54c,6,21,0.5957,8.5970,0.1116,0.1776,0.0949,0.1681,0.0121,0.0315
d20756ae,6,21,0.6167,8.5967,0.1108,0.1945,0.0946,0.1707,0.0118,0.0343
a9daf54c,6,22,0.6926,8.5964,0.1257,0.2297,0.1046,0.1794,0.0130,0.0401
d20756ae,6,22,0.7236,8.5967,0.1435,0.1890,0.1473,0.1885,0.0155,0.0398
a9daf54c,6,23,0.6538,8.5963,0.1343,0.1769,0.1009,0.1880,0.0136,0.0402
d20756ae,6,23,0.6197,8.5964,0.1412,0.1746,0.1097,0.1526,0.0145,0.0271
a9daf54c,6,24,0.5514,8.5965,0.1133,0.1407,0.0980,0.1624,0.0104,0.0266
d20756ae,6,24,0.5714,8.5968,0.1265,0.1523,0.0844,0.1672,0.0084,0.0326
a9daf54c,7,25,0.6037,8.5963,0.1147,0.1632,0.0888,0.1562,0.0533,0.0275
d20756ae,7,25,0.6609,8.5966,0.1246,0.2042,0.0963,0.1871,0.0096,0.0390
a9daf54c,7,26,0.6504,8.5965,0.1238,0.1681,0.1125,0.1886,0.0279,0.0295
d20756ae,7,26,0.6206,8.5965,0.1422,0.1665,0.1023,0.1652,0.0122,0.0323
a9daf54c,7,27,0.6103,8.5968,0.1201,0.1497,0.0948,0.1717,0.0441,0.0299
d20756ae,7,27,0.6072,8.5966,0.1314,0.1786,0.0892,0.1649,0.0104,0.0328
a9daf54c,7,28,0.5844,8.5965,0.1162,0.1505,0.0919,0.1672,0.0315,0.0269
d20756ae,7,28,0.5663,8.5967,0.1245,0.1566,0.0891,0.1635,0.0085,0.0242
a9daf54c,8,29,0.6123,8.5963,0.1191,0.1680,0.0900,0.1603,0.0422,0.0326
d20756ae,8,29,0.6067,8.5967,0.1208,0.1780,0.0896,0.1677,0.0131,0.0375
a9daf54c,8,30,0.6524,8.5963,0.1181,0.1977,0.1009,0.1776,0.0204,0.0377
d20756ae,8,30,0.6431,8.5967,0.1366,0.1678,0.1058,0.1858,0.0129,0.0343
a9daf54c,8,31,0.5850,8.5974,0.1373,0.1585,0.0948,0.1604,0.0106,0.0233
d20756ae,8,31,0.5878,8.5966,0.1011,0.1700,0.0965,0.1775,0.0096,0.0331
a9daf54c,8,32,0.6406,8.5967,0.1188,0.1739,0.1017,0.1960,0.0155,0.0346
d20756ae,8,32,0.5735,8.5964,0.1311,0.1444,0.0975,0.1655,0.0111,0.0239
a9daf54c,9,33,0.5898,8.5967,0.1164,0.1806,0.0919,0.1644,0.0074,0.0291
d20756ae,9,33,0.6622,8.5965,0.1268,0.1814,0.1048,0.1999,0.0123,0.0370
a9daf54c,9,34,0.6788,8.5967,0.1321,0.1853,0.1083,0.2059,0.0140,0.0333
d20756ae,9,34,0.6159,8.5964,0.1372,0.1496,0.0983,0.1885,0.0100,0.0322
a9daf54c,9,35,0.5689,8.5974,0.1392,0.1549,0.0831,0.1538,0.0109,0.0269
d20756ae,9,35,0.5577,8.5970,0.1123,0.1500,0.0970,0.1527,0.0176,0.0280
a9daf54c,9,36,0.5776,8.5963,0.1195,0.1667,0.0933,0.1612,0.0084,0.0286
d20756ae,9,36,0.5602,8.5966,0.1076,0.1375,0.0925,0.1643,0.0320,0.0264
a9daf54c,10,37,0.5784,8.5965,0.1166,0.1864,0.0787,0.1572,0.0080,0.0315
d20756ae,10,37,0.6367,8.5963,0.1115,0.1791,0.0986,0.1752,0.0266,0.0457
a9daf54c,10,38,0.6438,8.5963,0.1383,0.1778,0.1010,0.1839,0.0111,0.0316
d20756ae,10,38,0.6653,8.5970,0.1132,0.1723,0.1055,0.1996,0.0402,0.0345
a9daf54c,10,39,0.5756,8.5963,0.1237,0.1533,0.0996,0.1587,0.0129,0.0273
d20756ae,10,39,0.6008,8.5964,0.1065,0.1648,0.1018,0.1859,0.0108,0.0309
a9daf54c,10,40,0.6448,8.5964,0.1203,0.1556,0.1056,0.1883,0.0413,0.0338
d20756ae,10,40,0.6329,8.5965,0.1114,0.1655,0.0970,0.1950,0.0267,0.0372
a9daf54c,11,41,0.6558,8.5964,0.1278,0.2025,0.0941,0.1703,0.0318,0.0293
d20756ae,11,41,0.6723,8.5965,0.1259,0.1711,0.1129,0.2058,0.0153,0.0412
a9daf54c,11,42,0.6414,8.5966,0.1438,0.1689,0.0961,0.1811,0.0146,0.0368
d20756ae,11,42,0.6501,8.5964,0.1301,0.1552,0.1083,0.2041,0.0137,0.0388
a9daf54c,11,43,0.6239,8.5966,0.1335,0.1552,0.0984,0.1600,0.0434,0.0333
d20756ae,11,43,0.5962,8.5963,0.1305,0.1743,0.0927,0.1569,0.0123,0.0294
a9daf54c,11,44,0.5996,8.5966,0.1121,0.1701,0.1005,0.1552,0.0283,0.0336
d20756ae,11,44,0.5554,8.5964,0.1163,0.1582,0.0920,0.1526,0.0102,0.0262
a9daf54c,12,45,0.5965,8.5969,0.1239,0.1721,0.0923,0.1714,0.0096,0.0272
d20756ae,12,45,0.6495,8.5964,0.1074,0.1893,0.1056,0.1767,0.0323,0.0382
a9daf54c,12,46,0.6504,8.5966,0.1319,0.1949,0.0946,0.1869,0.0093,0.0328
d20756ae,12,46,0.6231,8.5967,0.1309,0.1476,0.1036,0.2027,0.0111,0.0272
a9daf54c,12,47,0.6145,8.5970,0.1254,0.1582,0.0983,0.1896,0.0115,0.0315
d20756ae,12,47,0.6478,8.5967,0.1184,0.1674,0.1034,0.1926,0.0355,0.0305
a9daf54c,12,48,0.6227,8.5971,0.1201,0.1511,0.1065,0.1976,0.0177,0.0297
d20756ae,12,48,0.6060,8.5966,0.1142,0.1503,0.0988,0.1836,0.0285,0.0306
a9daf54c,13,49,0.6036,8.5965,0.1177,0.1909,0.0898,0.1647,0.0092,0.0312
d20756ae,13,49,0.7364,8.5964,0.1204,0.2120,0.1095,0.2086,0.0308,0.0551
a9daf54c,13,50,0.8020,8.5965,0.1402,0.2558,0.1167,0.2303,0.0147,0.0443
d20756ae,13,50,0.7204,8.5963,0.1542,0.1625,0.1675,0.1895,0.0181,0.0285
a9daf54c,13,51,0.5900,8.5965,0.1364,0.1670,0.0933,0.1533,0.0086,0.0314
d20756ae,13,51,0.5315,8.5966,0.1090,0.1446,0.0891,0.1527,0.0101,0.0260
a9daf54c,13,52,0.5938,8.5964,0.1202,0.1686,0.0921,0.1696,0.0084,0.0349
d20756ae,13,52,0.6269,8.5967,0.1134,0.1459,0.1026,0.1731,0.0618,0.0301
a9daf54c,14,53,0.5955,8.5963,0.1243,0.1678,0.0969,0.1663,0.0104,0.0298
d20756ae,14,53,0.6512,8.5964,0.1152,0.1957,0.0959,0.1716,0.0383,0.0347
a9daf54c,14,54,0.6367,8.5964,0.1315,0.1758,0.1047,0.1848,0.0100,0.0300
d20756ae,14,54,0.6370,8.5963,0.1441,0.1892,0.0937,0.1722,0.0091,0.0288
a9daf54c,14,55,0.6152,8.5968,0.1197,0.1583,0.1304,0.1557,0.0199,0.0312
d20756ae,14,55,0.5929,8.5967,0.1072,0.1610,0.1001,0.1827,0.0108,0.0312
a9daf54c,14,56,0.7052,8.5968,0.1084,0.1559,0.0972,0.1934,0.1150,0.0352
d20756ae,14,56,0.5984,8.5963,0.1187,0.1557,0.1036,0.1780,0.0171,0.0253
a9daf54c,15,57,0.6168,8.5968,0.1134,0.1909,0.1003,0.1714,0.0105,0.0304
d20756ae,15,57,0.6303,8.5965,0.1268,0.1716,0.1129,0.1708,0.0148,0.0334
a9daf54c,15,58,0.6836,8.5967,0.1415,0.2017,0.1007,0.1925,0.0103,0.0369
d20756ae,15,58,0.7176,8.5963,0.1265,0.1897,0.1084,0.2078,0.0397,0.0455
a9daf54c,15,59,0.6377,8.5967,0.1324,0.1595,0.1021,0.1948,0.0093,0.0396
d20756ae,15,59,0.6479,8.5964,0.1352,0.1806,0.1050,0.1834,0.0119,0.0317
a9daf54c,15,60,0.5848,8.5963,0.1153,0.1561,0.0959,0.1691,0.0198,0.0286
d20756ae,15,60,0.5676,8.5965,0.1127,0.1507,0.0956,0.1693,0.0100,0.0293
a9daf54c,16,61,0.6325,8.5968,0.1141,0.1644,0.0908,0.1840,0.0474,0.0319
d20756ae,16,61,0.6718,8.5967,0.1327,0.2234,0.0931,0.1609,0.0133,0.0483
a9daf54c,16,62,0.6358,8.5967,0.1082,0.1963,0.1057,0.1766,0.0163,0.0327
d20756ae,16,62,0.6316,8.5964,0.1318,0.1663,0.1060,0.1839,0.0129,0.0307
a9daf54c,16,63,0.6484,8.5964,0.1414,0.1518,0.1033,0.1867,0.0350,0.0302
d20756ae,16,63,0.5773,8.5967,0.1229,0.1554,0.0942,0.1565,0.0106,0.0377
a9daf54c,16,64,0.5780,8.5965,0.1268,0.1604,0.0900,0.1647,0.0091,0.0270
d20756ae,16,64,0.6123,8.5969,0.1238,0.1850,0.0970,0.1675,0.0094,0.0297
a9daf54c,17,65,0.6052,8.5964,0.1206,0.1969,0.0937,0.1581,0.0104,0.0254
d20756ae,17,65,0.6914,8.5968,0.1252,0.1757,0.1244,0.2111,0.0139,0.0410
a9daf54c,17,66,0.7325,8.5963,0.1366,0.1950,0.1031,0.1928,0.0682,0.0369
d20756ae,17,66,0.6345,8.5964,0.1201,0.1653,0.1161,0.1795,0.0161,0.0374
a9daf54c,17,67,0.6117,8.5964,0.1303,0.1727,0.1008,0.1690,0.0099,0.0290
d20756ae,17,67,0.6502,8.5966,0.1271,0.1765,0.1063,0.1962,0.0130,0.0311
a9daf54c,17,68,0.6401,8.5964,0.1288,0.1712,0.1038,0.1927,0.0146,0.0289
d20756ae,17,68,0.5853,8.5963,0.1173,0.1746,0.0972,0.1574,0.0132,0.0257
a9daf54c,18,69,0.6405,8.5964,0.1341,0.1823,0.1047,0.1716,0.0140,0.0337
d20756ae,18,69,0.7206,8.5963,0.1125,0.1971,0.1029,0.1925,0.0684,0.0472
a9daf54c,18,70,0.6638,8.5965,0.1313,0.1857,0.1063,0.1885,0.0153,0.0367
d20756ae,18,70,0.5971,8.5966,0.1290,0.1588,0.0992,0.1658,0.0105,0.0338
a9daf54c,18,71,0.5739,8.5963,0.1311,0.1363,0.1036,0.1683,0.0121,0.0226
d20756ae,18,71,0.5574,8.5968,0.1074,0.1533,0.0764,0.1548,0.0387,0.0268
a9daf54c,18,72,0.5400,8.5966,0.0970,0.1525,0.0917,0.1609,0.0080,0.0298
d20756ae,18,72,0.6033,8.5968,0.1213,0.1820,0.0880,0.1785,0.0089,0.0246
a9daf54c,19,73,0.6190,8.5968,0.1173,0.1632,0.1000,0.1865,0.0210,0.0310
d20756ae,19,73,0.6551,8.5968,0.1247,0.1831,0.0997,0.2027,0.0109,0.0338
a9daf54c,19,74,0.6825,8.5966,0.1398,0.1822,0.1036,0.1887,0.0348,0.0334
d20756ae,19,74,0.6129,8.5964,0.1395,0.1624,0.1014,0.1737,0.0094,0.0265
a9daf54c,19,75,0.6395,8.5966,0.1291,0.1651,0.1100,0.1934,0.0110,0.0308
d20756ae,19,75,0.6259,8.5971,0.1196,0.1823,0.0870,0.1715,0.0333,0.0322
a9daf54c,19,76,0.6012,8.5967,0.1151,0.1743,0.0968,0.1785,0.0088,0.0277
d20756ae,19,76,0.6463,8.5964,0.1376,0.1798,0.0982,0.1876,0.0092,0.0340
a9daf54c,20,77,0.6711,8.5968,0.1355,0.1883,0.1023,0.1996,0.0155,0.0299
d20756ae,20,77,0.6633,8.5965,0.1377,0.1894,0.1046,0.1761,0.0126,0.0430
a9daf54c,20,78,0.6735,8.5964,0.1404,0.1823,0.1053,0.1952,0.0115,0.0388
d20756ae,20,78,0.6706,8.5967,0.1352,0.1581,0.1160,0.2118,0.0184,0.0311
a9daf54c,20,79,0.5949,8.5963,0.1271,0.1461,0.0959,0.1769,0.0195,0.0295
d20756ae,20,79,0.6106,8.5965,0.1253,0.1622,0.0994,0.1859,0.0108,0.0270
a9daf54c,20,80,0.6362,8.5964,0.1179,0.1533,0.1046,0.1920,0.0423,0.0260
d20756ae,20,80,0.5791,8.5965,0.1180,0.1322,0.0971,0.1775,0.0235,0.0308
a9daf54c,1,1,0.5404,8.5963,0.0927,0.1768,0.0857,0.1465,0.0092,0.0295
d20756ae,1,1,0.8397,8.5964,0.1072,0.1939,0.0990,0.1725,0.2357,0.0313
a9daf54c,1,2,0.6382,8.5964,0.1309,0.1802,0.1013,0.1798,0.0128,0.0332
d20756ae,1,2,0.6368,8.5963,0.1274,0.1784,0.0985,0.1852,0.0139,0.0335
a9daf54c,1,3,0.5623,8.5964,0.1283,0.1498,0.0953,0.1518,0.0120,0.0250
d20756ae,1,3,0.5327,8.5963,0.1181,0.1525,0.0772,0.1448,0.0102,0.0299
a9daf54c,1,4,0.5824,8.5966,0.1206,0.1614,0.0891,0.1716,0.0081,0.0316
d20756ae,1,4,0.5962,8.5967,0.1134,0.1638,0.0865,0.1726,0.0319,0.0280
a9daf54c,2,5,0.6237,8.5967,0.1204,0.1700,0.1046,0.1899,0.0116,0.0272
d20756ae,2,5,0.7369,8.5965,0.1262,0.2011,0.1120,0.2178,0.0447,0.0353
a9daf54c,2,6,0.6736,8.5966,0.1290,0.1760,0.0975,0.1915,0.0383,0.0412
d20756ae,2,6,0.6389,8.5967,0.1407,0.1556,0.1076,0.1949,0.0103,0.0297
a9daf54c,2,7,0.6023,8.5967,0.1290,0.1487,0.0857,0.1593,0.0548,0.0248
d20756ae,2,7,0.5803,8.5964,0.1105,0.1581,0.0976,0.1785,0.0101,0.0255
a9daf54c,2,8,0.6146,8.5967,0.1131,0.1538,0.0919,0.1829,0.0445,0.0285
d20756ae,2,8,0.5868,8.5969,0.1205,0.1642,0.0877,0.1780,0.0103,0.0262
a9daf54c,3,9,0.6087,8.5967,0.1179,0.1616,0.1025,0.1823,0.0142,0.0301
d20756ae,3,9,0.6595,8.5967,0.1292,0.1688,0.1059,0.2106,0.0140,0.0309
a9daf54c,3,10,0.6868,8.5968,0.1234,0.1758,0.1009,0.2078,0.0428,0.0360
d20756ae,3,10,0.6776,8.5963,0.1285,0.1686,0.1162,0.2038,0.0235,0.0369
a9daf54c,3,11,0.6709,8.5966,0.1206,0.1858,0.1045,0.1948,0.0329,0.0323
d20756ae,3,11,0.6015,8.5968,0.1306,0.1357,0.1041,0.1875,0.0114,0.0321
a9daf54c,3,12,0.5541,8.5966,0.1307,0.1619,0.0778,0.1458,0.0098,0.0281
d20756ae,3,12,0.5878,8.5968,0.0952,0.1651,0.1001,0.1784,0.0160,0.0330
a9daf54c,4,13,0.6069,8.5964,0.1198,0.1912,0.0976,0.1554,0.0135,0.0295
d20756ae,4,13,0.6313,8.5964,0.1169,0.1811,0.1086,0.1720,0.0127,0.0401
a9daf54c,4,14,0.6413,8.5966,0.1306,0.1861,0.0965,0.1858,0.0090,0.0333
d20756ae,4,14,0.5960,8.5964,0.1274,0.1551,0.1027,0.1643,0.0105,0.0359
a9daf54c,4,15,0.5293,8.5963,0.1178,0.1596,0.0807,0.1391,0.0091,0.0230
d20756ae,4,15,0.5829,8.5964,0.1061,0.1597,0.0931,0.1569,0.0367,0.0304
a9daf54c,4,16,0.5818,8.5964,0.1228,0.1701,0.0940,0.1568,0.0106,0.0276
d20756ae,4,16,0.6163,8.5966,0.1065,0.1911,0.0928,0.1736,0.0234,0.0289
a9daf54c,5,17,0.6158,8.5963,0.1212,0.1822,0.1051,0.1666,0.0134,0.0274
d20756ae,5,17,0.6636,8.5963,0.1323,0.1935,0.0969,0.1975,0.0094,0.0340
a9daf54c,5,18,0.6855,8.5965,0.1416,0.1831,0.1029,0.2071,0.0121,0.0388
d20756ae,5,18,0.6221,8.5966,0.1420,0.1567,0.1018,0.1861,0.0112,0.0244
a9daf54c,5,19,0.5972,8.5967,0.1284,0.1814,0.0871,0.1639,0.0081,0.0283
d20756ae,5,19,0.6208,8.5973,0.1251,0.1782,0.0969,0.1803,0.0087,0.0316
a9daf54c,5,20,0.6459,8.5966,0.1377,0.1839,0.0948,0.1837,0.0086,0.0372
d20756ae,5,20,0.6588,8.5965,0.1357,0.1765,0.1079,0.1882,0.0128,0.0376
a9daf54c,6,21,0.6768,8.5966,0.1426,0.1905,0.1071,0.1834,0.0238,0.0293
d20756ae,6,21,0.6467,8.5964,0.1236,0.1771,0.0983,0.1892,0.0232,0.0354
a9daf54c,6,22,0.6706,8.5968,0.1424,0.1791,0.1011,0.2061,0.0095,0.0323
d20756ae,6,22,0.6810,8.5964,0.1286,0.1541,0.1111,0.1973,0.0547,0.0352
a9daf54c,6,23,0.5456,8.5964,0.1242,0.1544,0.0782,0.1529,0.0087,0.0273
d20756ae,6,23,0.5988,8.5966,0.1249,0.1694,0.0991,0.1652,0.0109,0.0293
a9daf54c,6,24,0.6220,8.5964,0.1109,0.1608,0.0948,0.1637,0.0623,0.0296
d20756ae,6,24,0.5574,8.5964,0.1235,0.1411,0.1007,0.1577,0.0095,0.0250
a9daf54c,7,25,0.6107,8.5965,0.1148,0.1770,0.0842,0.1762,0.0291,0.0295
d20756ae,7,25,0.6941,8.5967,0.1125,0.2128,0.1046,0.1949,0.0242,0.0451
a9daf54c,7,26,0.6667,8.5964,0.1290,0.1872,0.1198,0.1861,0.0166,0.0280
d20756ae,7,26,0.6718,8.5966,0.1303,0.1827,0.1051,0.2148,0.0093,0.0296
a9daf54c,7,27,0.6495,8.5965,0.1487,0.1751,0.0958,0.1770,0.0181,0.0349
d20756ae,7,27,0.6197,8.5963,0.1302,0.1564,0.1089,0.1844,0.0131,0.0267
a9daf54c,7,28,0.6294,8.5971,0.1165,0.1520,0.0951,0.1782,0.0573,0.0303
d20756ae,7,28,0.6214,8.5965,0.1200,0.1697,0.0971,0.1877,0.0125,0.0344
a9daf54c,8,29,0.7504,8.5977,0.1262,0.2101,0.1071,0.2162,0.0545,0.0363
d20756ae,8,29,0.7608,8.5963,0.1337,0.2083,0.1183,0.2261,0.0418,0.0326
a9daf54c,8,30,0.6998,8.5964,0.1493,0.1959,0.1034,0.1962,0.0128,0.0422
d20756ae,8,30,0.6214,8.5971,0.1358,0.1542,0.0991,0.1902,0.0106,0.0315
a9daf54c,8,31,0.5984,8.5972,0.1275,0.1672,0.0938,0.1706,0.0092,0.0302
d20756ae,8,31,0.5551,8.5964,0.1099,0.1369,0.0879,0.1555,0.0394,0.0254
a9daf54c,8,32,0.5774,8.5964,0.1258,0.1675,0.0866,0.1481,0.0087,0.0407
d20756ae,8,32,0.6710,8.5963,0.0980,0.1603,0.1141,0.1931,0.0716,0.0340
a9daf54c,9,33,0.6693,8.5968,0.1200,0.1860,0.1000,0.1976,0.0343,0.0315
d20756ae,9,33,0.7217,8.5964,0.1303,0.2369,0.1052,0.1865,0.0212,0.0416
a9daf54c,9,34,0.7113,8.5967,0.1351,0.1807,0.1518,0.1926,0.0153,0.0359
d20756ae,9,34,0.6213,8.5964,0.1477,0.1778,0.0988,0.1561,0.0120,0.0289
a9daf54c,9,35,0.5509,8.5966,0.1028,0.1600,0.0933,0.1578,0.0088,0.0282
d20756ae,9,35,0.5601,8.5965,0.1224,0.1518,0.0948,0.1566,0.0098,0.0246
a9daf54c,9,36,0.5252,8.5965,0.1080,0.1357,0.0896,0.1493,0.0167,0.0259
d20756ae,9,36,0.5270,8.5964,0.1092,0.1627,0.0772,0.1442,0.0112,0.0225
a9daf54c,10,37,0.5872,8.5965,0.1012,0.1690,0.0969,0.1659,0.0249,0.0292
d20756ae,10,37,0.6531,8.5963,0.1136,0.2009,0.0922,0.1887,0.0118,0.0459
a9daf54c,10,38,0.7197,8.5965,0.1222,0.1999,0.1165,0.2167,0.0238,0.0406
d20756ae,10,38,0.7389,8.5963,0.1552,0.1829,0.1252,0.2280,0.0122,0.0354
a9daf54c,10,39,0.6212,8.5964,0.1406,0.1496,0.0955,0.1747,0.0340,0.0268
d20756ae,10,39,0.5890,8.5968,0.1192,0.1457,0.0984,0.1876,0.0107,0.0274
a9daf54c,10,40,0.6566,8.5964,0.1239,0.1597,0.0969,0.1839,0.0638,0.0284
d20756ae,10,40,0.6359,8.5967,0.1179,0.1634,0.1049,0.1953,0.0259,0.0285
a9daf54c,11,41,0.6544,8.5967,0.1244,0.1718,0.1001,0.1941,0.0367,0.0273
d20756ae,11,41,0.6971,8.5971,0.1193,0.1782,0.1153,0.2167,0.0324,0.0352
a9daf54c,11,42,0.6794,8.5963,0.1313,0.1813,0.1043,0.1847,0.0417,0.0361
d20756ae,11,42,0.6331,8.5964,0.1429,0.1512,0.1064,0.1862,0.0138,0.0326
a9daf54c,11,43,0.6666,8.5967,0.1212,0.1926,0.0981,0.1902,0.0308,0.0337
d20756ae,11,43,0.6602,8.5963,0.1162,0.1612,0.1181,0.1976,0.0270,0.0401
a9daf54c,11,44,0.6313,8.5967,0.1306,0.1836,0.0980,0.1715,0.0139,0.0337
d20756ae,11,44,0.6069,8.5964,0.1143,0.1596,0.1075,0.1798,0.0122,0.0334
a9daf54c,12,45,0.6011,8.5966,0.1262,0.1706,0.0950,0.1721,0.0099,0.0272
d20756ae,12,45,0.7371,8.5965,0.1182,0.2179,0.1191,0.2159,0.0222,0.0438
a9daf54c,12,46,0.8055,8.5965,0.1316,0.2418,0.1384,0.2017,0.0497,0.0423
d20756ae,12,46,0.8327,8.5965,0.1532,0.1939,0.1642,0.2681,0.0160,0.0374
a9daf54c,12,47,0.6891,8.5965,0.2004,0.1392,0.1188,0.1810,0.0251,0.0245
d20756ae,12,47,0.5321,8.5964,0.1098,0.1538,0.0754,0.1467,0.0092,0.0372
a9daf54c,12,48,0.5733,8.5965,0.0994,0.1538,0.0933,0.1756,0.0155,0.0357
d20756ae,12,48,0.5678,8.5966,0.1098,0.1494,0.0947,0.1656,0.0148,0.0335
a9daf54c,13,49,0.5952,8.5965,0.1219,0.1916,0.0816,0.1596,0.0125,0.0280
d20756ae,13,49,0.6972,8.5968,0.1214,0.2010,0.1058,0.2136,0.0121,0.0432
a9daf54c,13,50,0.6689,8.5968,0.1389,0.1662,0.1071,0.1966,0.0206,0.0394
d20756ae,13,50,0.6361,8.5964,0.1457,0.1649,0.1100,0.1689,0.0119,0.0348
a9daf54c,13,51,0.6342,8.5968,0.1103,0.1650,0.0920,0.1686,0.0595,0.0388
d20756ae,13,51,0.5767,8.5966,0.1008,0.1551,0.1060,0.1740,0.0122,0.0286
a9daf54c,13,52,0.5858,8.5964,0.1234,0.1677,0.0839,0.1723,0.0091,0.0293
d20756ae,13,52,0.5954,8.5965,0.1090,0.1650,0.0990,0.1775,0.0106,0.0343
a9daf54c,14,53,0.5740,8.5965,0.1218,0.1607,0.0926,0.1632,0.0107,0.0250
d20756ae,14,53,0.6825,8.5963,0.1240,0.2018,0.1105,0.1945,0.0118,0.0398
a9daf54c,14,54,0.6800,8.5967,0.1218,0.1724,0.0998,0.1940,0.0656,0.0266
d20756ae,14,54,0.6479,8.5969,0.1407,0.1677,0.1093,0.1812,0.0149,0.0342
a9daf54c,14,55,0.7150,8.5964,0.1396,0.1835,0.1103,0.1926,0.0509,0.0380
d20756ae,14,55,0.6751,8.5964,0.1154,0.2254,0.1016,0.1883,0.0144,0.0299
a9daf54c,14,56,0.6637,8.5964,0.1353,0.1641,0.1505,0.1673,0.0160,0.0304
d20756ae,14,56,0.5865,8.5965,0.1378,0.1491,0.0900,0.1698,0.0106,0.0293
a9daf54c,15,57,0.5714,8.5965,0.1121,0.1770,0.0863,0.1548,0.0071,0.0340
d20756ae,15,57,0.6598,8.5963,0.1121,0.1853,0.1036,0.2054,0.0118,0.0416
a9daf54c,15,58,0.6870,8.5964,0.1314,0.1894,0.1093,0.2021,0.0160,0.0389
d20756ae,15,58,0.7015,8.5972,0.1477,0.1784,0.1115,0.2146,0.0121,0.0372
a9daf54c,15,59,0.6126,8.5974,0.1266,0.1442,0.1062,0.1652,0.0408,0.0297
d20756ae,15,59,0.5367,8.5964,0.1174,0.1632,0.0777,0.1411,0.0087,0.0287
a9daf54c,15,60,0.5708,8.5967,0.0957,0.1468,0.1045,0.1673,0.0189,0.0376
d20756ae,15,60,0.5326,8.5968,0.1082,0.1419,0.0915,0.1504,0.0124,0.0283
a9daf54c,16,61,0.5773,8.5968,0.1113,0.1813,0.0798,0.1651,0.0078,0.0321
d20756ae,16,61,0.6633,8.5964,0.1203,0.1780,0.1071,0.2036,0.0121,0.0422
a9daf54c,16,62,0.6655,8.5968,0.1308,0.1933,0.1026,0.1889,0.0175,0.0325
d20756ae,16,62,0.6601,8.5968,0.1335,0.1587,0.1093,0.2082,0.0103,0.0401
a9daf54c,16,63,0.6333,8.5964,0.1313,0.1686,0.1005,0.1726,0.0280,0.0324
d20756ae,16,63,0.6024,8.5967,0.1128,0.1870,0.1004,0.1596,0.0133,0.0293
a9daf54c,16,64,0.6386,8.5966,0.1140,0.1780,0.1064,0.1994,0.0092,0.0317
d20756ae,16,64,0.6491,8.5964,0.1477,0.1717,0.1029,0.1895,0.0112,0.0260
a9daf54c,17,65,0.6490,8.5963,0.1372,0.1934,0.1055,0.1628,0.0168,0.0333
d20756ae,17,65,0.7063,8.5969,0.1278,0.2007,0.1173,0.2121,0.0106,0.0378
a9daf54c,17,66,0.6529,8.5966,0.1322,0.1758,0.0927,0.1869,0.0334,0.0319
d20756ae,17,66,0.5927,8.5964,0.1450,0.1367,0.1069,0.1623,0.0114,0.0302
a9daf54c,17,67,0.5896,8.5967,0.1218,0.1670,0.0794,0.1434,0.0540,0.0241
d20756ae,17,67,0.6319,8.5966,0.1001,0.1597,0.1157,0.1970,0.0104,0.0491
a9daf54c,17,68,0.6888,8.5964,0.1286,0.1642,0.1070,0.1931,0.0576,0.0384
d20756ae,17,68,0.6007,8.5968,0.1181,0.1506,0.0970,0.1825,0.0183,0.0342
a9daf54c,18,69,0.5706,8.5967,0.1236,0.1758,0.0845,0.1489,0.0119,0.0260
d20756ae,18,69,0.6497,8.5963,0.1218,0.1965,0.0984,0.1763,0.0148,0.0418
a9daf54c,18,70,0.6309,8.5967,0.1267,0.1799,0.1004,0.1781,0.0152,0.0305
d20756ae,18,70,0.6421,8.5968,0.1416,0.1486,0.1125,0.1991,0.0114,0.0289
a9daf54c,18,71,0.7142,8.5968,0.1227,0.1788,0.0972,0.1936,0.0847,0.0372
d20756ae,18,71,0.5977,8.5967,0.1146,0.1418,0.0949,0.1739,0.0419,0.0305
a9daf54c,18,72,0.5357,8.5964,0.1325,0.1541,0.0797,0.1384,0.0078,0.0232
d20756ae,18,72,0.5832,8.5963,0.1009,0.1763,0.0919,0.1596,0.0222,0.0324
a9daf54c,19,73,0.6457,8.5970,0.1269,0.1997,0.0884,0.1873,0.0118,0.0317
d20756ae,19,73,0.7856,8.5964,0.1274,0.1957,0.1232,0.2916,0.0132,0.0345
a9daf54c,19,74,0.7532,8.5967,0.1456,0.1830,0.1035,0.1954,0.0926,0.0332
d20756ae,19,74,0.6184,8.5967,0.1391,0.1316,0.1147,0.1902,0.0101,0.0327
a9daf54c,19,75,0.6012,8.5968,0.1315,0.1840,0.0790,0.1489,0.0355,0.0223
d20756ae,19,75,0.5771,8.5965,0.1015,0.1552,0.1127,0.1613,0.0116,0.0347
a9daf54c,19,76,0.5794,8.5963,0.1226,0.1574,0.0921,0.1601,0.0133,0.0340
d20756ae,19,76,0.5663,8.5967,0.1155,0.1481,0.0861,0.1723,0.0096,0.0346
a9daf54c,20,77,0.6203,8.5968,0.1240,0.1892,0.0939,0.1703,0.0102,0.0328
d20756ae,20,77,0.6800,8.5965,0.1353,0.2036,0.0996,0.1904,0.0101,0.0410
a9daf54c,20,78,0.6763,8.5964,0.1435,0.1886,0.1089,0.1806,0.0108,0.0438
d20756ae,20,78,0.6246,8.5963,0.1383,0.1530,0.0982,0.1864,0.0105,0.0381
a9daf54c,20,79,0.6049,8.5963,0.1288,0.1638,0.0952,0.1731,0.0106,0.0335
d20756ae,20,79,0.6376,8.5967,0.1267,0.1484,0.1095,0.2015,0.0213,0.0302
a9daf54c,20,80,0.6163,8.5965,0.1224,0.1510,0.1015,0.1838,0.0299,0.0276
d20756ae,20,80,0.5901,8.5964,0.1134,0.1542,0.0985,0.1711,0.0257,0.0272
d20756ae,1,1,0.5465,8.5964,0.1130,0.1406,0.1086,0.1476,0.0113,0.0254
a9daf54c,1,1,0.8319,8.5963,0.1152,0.1497,0.0939,0.1626,0.2852,0.0253
d20756ae,1,2,0.5515,8.5969,0.1009,0.1349,0.0980,0.1699,0.0171,0.0308
a9daf54c,1,2,0.5544,8.5972,0.1075,0.1547,0.0844,0.1683,0.0161,0.0234
d20756ae,1,3,0.5463,8.5964,0.0979,0.1422,0.0972,0.1613,0.0227,0.0250
a9daf54c,1,3,0.5613,8.5966,0.1114,0.1659,0.0824,0.1588,0.0108,0.0321
d20756ae,1,4,0.5391,8.5964,0.1027,0.1460,0.0881,0.1589,0.0212,0.0222
a9daf54c,1,4,0.5703,8.5967,0.1080,0.1591,0.0947,0.1705,0.0079,0.0301
d20756ae,2,5,0.6713,8.5970,0.1159,0.1864,0.0914,0.1919,0.0517,0.0340
a9daf54c,2,5,0.6367,8.5972,0.1179,0.1690,0.0993,0.2037,0.0150,0.0318
d20756ae,2,6,0.7582,8.5974,0.1417,0.1870,0.1438,0.2281,0.0127,0.0449
a9daf54c,2,6,0.7824,8.5966,0.1266,0.1746,0.1126,0.2021,0.1268,0.0397
d20756ae,2,7,0.6558,8.5966,0.1220,0.1870,0.1001,0.2046,0.0113,0.0308
a9daf54c,2,7,0.6591,8.5964,0.1372,0.1504,0.1172,0.2104,0.0141,0.0298
d20756ae,2,8,0.5941,8.5963,0.1311,0.1585,0.0920,0.1557,0.0310,0.0258
a9daf54c,2,8,0.6062,8.5964,0.1055,0.1828,0.0881,0.1782,0.0112,0.0405
d20756ae,3,9,0.6481,8.5967,0.1304,0.1799,0.1068,0.1864,0.0133,0.0314
a9daf54c,3,9,0.7402,8.5973,0.1217,0.1918,0.1119,0.2012,0.0720,0.0416
d20756ae,3,10,0.6730,8.5967,0.1411,0.1702,0.1076,0.2020,0.0103,0.0419
a9daf54c,3,10,0.6033,8.5965,0.1413,0.1360,0.0989,0.1883,0.0118,0.0269
d20756ae,3,11,0.5729,8.5963,0.1188,0.1694,0.0798,0.1614,0.0136,0.0298
a9daf54c,3,11,0.5628,8.5966,0.1040,0.1647,0.0910,0.1604,0.0085,0.0341
d20756ae,3,12,0.6049,8.5968,0.1231,0.1747,0.0945,0.1727,0.0095,0.0303
a9daf54c,3,12,0.5802,8.5967,0.1096,0.1467,0.0942,0.1739,0.0314,0.0245
d20756ae,4,13,0.5883,8.5965,0.1287,0.1694,0.0836,0.1706,0.0090,0.0270
a9daf54c,4,13,0.6723,8.5967,0.1243,0.1826,0.0955,0.1867,0.0504,0.0329
d20756ae,4,14,0.6710,8.5965,0.1315,0.1861,0.1057,0.1922,0.0118,0.0437
a9daf54c,4,14,0.6484,8.5963,0.1332,0.1590,0.1107,0.1920,0.0219,0.0315
d20756ae,4,15,0.5879,8.5967,0.1363,0.1426,0.0889,0.1833,0.0118,0.0250
a9daf54c,4,15,0.6147,8.5968,0.1139,0.1659,0.0994,0.1938,0.0093,0.0323
d20756ae,4,16,0.6946,8.5967,0.1337,0.1725,0.1058,0.1902,0.0590,0.0334
a9daf54c,4,16,0.6018,8.5967,0.1247,0.1704,0.0903,0.1761,0.0121,0.0281
d20756ae,5,17,0.5882,8.5967,0.1080,0.1716,0.0977,0.1755,0.0090,0.0266
a9daf54c,5,17,0.6443,8.5967,0.1225,0.1757,0.1071,0.1971,0.0117,0.0302
d20756ae,5,18,0.6930,8.5964,0.1224,0.1854,0.1098,0.2037,0.0298,0.0419
a9daf54c,5,18,0.6021,8.5964,0.1190,0.1602,0.1037,0.1727,0.0259,0.0206
d20756ae,5,19,0.6084,8.5964,0.0982,0.1514,0.1112,0.2020,0.0116,0.0340
a9daf54c,5,19,0.6734,8.5967,0.1218,0.1645,0.0980,0.1895,0.0698,0.0298
d20756ae,5,20,0.6422,8.5963,0.1121,0.1683,0.1053,0.1924,0.0290,0.0351
a9daf54c,5,20,0.6323,8.5966,0.1205,0.1744,0.0991,0.1895,0.0225,0.0263
d20756ae,6,21,0.5721,8.5964,0.1123,0.1693,0.0894,0.1660,0.0103,0.0248
a9daf54c,6,21,0.6871,8.5977,0.1247,0.1838,0.1022,0.2312,0.0122,0.0330
d20756ae,6,22,0.8284,8.5968,0.1335,0.2309,0.1148,0.2164,0.0923,0.0406
a9daf54c,6,22,0.6124,8.5968,0.1248,0.1429,0.1078,0.1803,0.0320,0.0247
d20756ae,6,23,0.5716,8.5967,0.1284,0.1711,0.0836,0.1469,0.0094,0.0322
a9daf54c,6,23,0.6397,8.5964,0.1016,0.1569,0.0965,0.1681,0.0840,0.0325
d20756ae,6,24,0.5815,8.5964,0.1253,0.1579,0.0968,0.1622,0.0093,0.0301
a9daf54c,6,24,0.6449,8.5964,0.1181,0.1883,0.0936,0.1850,0.0285,0.0313
d20756ae,7,25,0.6841,8.5964,0.1206,0.2016,0.1092,0.2008,0.0148,0.0371
a9daf54c,7,25,0.6831,8.5963,0.1493,0.1730,0.1108,0.1981,0.0149,0.0371
d20756ae,7,26,0.6658,8.5966,0.1263,0.1881,0.1033,0.1885,0.0148,0.0447
a9daf54c,7,26,0.6007,8.5964,0.1248,0.1444,0.0984,0.1866,0.0156,0.0308
d20756ae,7,27,0.5669,8.5963,0.1379,0.1578,0.0828,0.1441,0.0102,0.0341
a9daf54c,7,27,0.5663,8.5967,0.1028,0.1553,0.0918,0.1594,0.0286,0.0285
d20756ae,7,28,0.5268,8.5965,0.1117,0.1584,0.0768,0.1481,0.0088,0.0230
a9daf54c,7,28,0.5511,8.5967,0.1062,0.1687,0.0918,0.1501,0.0098,0.0245
d20756ae,8,29,0.6535,8.5967,0.1034,0.1922,0.1131,0.1981,0.0126,0.0341
a9daf54c,8,29,0.6914,8.5963,0.1230,0.1972,0.1012,0.1983,0.0398,0.0319
d20756ae,8,30,0.6740,8.5963,0.1240,0.1753,0.1167,0.2122,0.0118,0.0341
a9daf54c,8,30,0.6720,8.5964,0.1271,0.1679,0.1073,0.1997,0.0377,0.0323
d20756ae,8,31,0.5899,8.5968,0.1210,0.1416,0.0952,0.1837,0.0173,0.0312
a9daf54c,8,31,0.5347,8.5963,0.1259,0.1551,0.0755,0.1412,0.0091,0.0279
d20756ae,8,32,0.5410,8.5963,0.0958,0.1507,0.0987,0.1540,0.0127,0.0290
a9daf54c,8,32,0.5759,8.5968,0.0980,0.1568,0.1022,0.1789,0.0156,0.0243
d20756ae,9,33,0.6610,8.5966,0.1218,0.2065,0.1026,0.1698,0.0256,0.0347
a9daf54c,9,33,0.7257,8.5964,0.1240,0.2087,0.1149,0.2260,0.0141,0.0380
d20756ae,9,34,0.7624,8.5964,0.1519,0.2478,0.1100,0.1989,0.0137,0.0401
a9daf54c,9,34,0.6980,8.5966,0.1441,0.1750,0.1517,0.1835,0.0166,0.0271
d20756ae,9,35,0.5636,8.5964,0.1212,0.1682,0.0912,0.1514,0.0080,0.0235
a9daf54c,9,35,0.5525,8.5965,0.1325,0.1340,0.0931,0.1576,0.0104,0.0250
d20756ae,9,36,0.5853,8.5967,0.1230,0.1515,0.0867,0.1600,0.0372,0.0269
a9daf54c,9,36,0.5593,8.5972,0.0975,0.1425,0.0973,0.1721,0.0249,0.0249
d20756ae,10,37,0.5970,8.5966,0.1107,0.1971,0.0798,0.1620,0.0177,0.0296
a9daf54c,10,37,0.6578,8.5966,0.1139,0.1864,0.1040,0.1935,0.0135,0.0464
d20756ae,10,38,0.6842,8.5963,0.1532,0.1740,0.1027,0.2080,0.0126,0.0337
a9daf54c,10,38,0.6338,8.5965,0.1222,0.1562,0.1014,0.1816,0.0453,0.0270
d20756ae,10,39,0.6030,8.5966,0.1260,0.1638,0.1031,0.1704,0.0095,0.0302
a9daf54c,10,39,0.6163,8.5966,0.1134,0.1799,0.0916,0.1622,0.0335,0.0357
d20756ae,10,40,0.5530,8.5967,0.1060,0.1385,0.0993,0.1672,0.0101,0.0320
a9daf54c,10,40,0.5567,8.5968,0.1134,0.1656,0.0805,0.1540,0.0100,0.0332
d20756ae,11,41,0.5866,8.5967,0.1063,0.1808,0.0952,0.1554,0.0193,0.0297
a9daf54c,11,41,0.6607,8.5964,0.1151,0.1870,0.1095,0.2008,0.0101,0.0381
d20756ae,11,42,0.6925,8.5967,0.1323,0.1947,0.1060,0.1938,0.0313,0.0345
a9daf54c,11,42,0.6703,8.5970,0.1233,0.1778,0.1068,0.2148,0.0106,0.0369
d20756ae,11,43,0.6822,8.5964,0.1419,0.1753,0.1091,0.1992,0.0201,0.0366
a9daf54c,11,43,0.6265,8.5964,0.1337,0.1669,0.1033,0.1838,0.0136,0.0251
d20756ae,11,44,0.5767,8.5964,0.1230,0.1474,0.0990,0.1682,0.0084,0.0306
a9daf54c,11,44,0.5903,8.5964,0.1282,0.1657,0.0887,0.1703,0.0097,0.0277
d20756ae,12,45,0.6097,8.5964,0.1176,0.1688,0.1056,0.1733,0.0151,0.0293
a9daf54c,12,45,0.6340,8.5963,0.1379,0.1936,0.0905,0.1655,0.0096,0.0369
d20756ae,12,46,0.6517,8.5964,0.1107,0.1975,0.1028,0.1935,0.0096,0.0376
a9daf54c,12,46,0.6785,8.5964,0.1458,0.2035,0.1016,0.1785,0.0105,0.0386
d20756ae,12,47,0.6428,8.5970,0.1373,0.1484,0.1055,0.1967,0.0168,0.0380
a9daf54c,12,47,0.5827,8.5965,0.1250,0.1632,0.0937,0.1624,0.0097,0.0287
d20756ae,12,48,0.6196,8.5967,0.1164,0.1541,0.1102,0.2002,0.0118,0.0269
a9daf54c,12,48,0.6293,8.5969,0.1208,0.1575,0.0994,0.1924,0.0310,0.0283
d20756ae,13,49,0.6377,8.5964,0.1200,0.1717,0.1012,0.1857,0.0282,0.0308
a9daf54c,13,49,0.6832,8.5966,0.1179,0.1810,0.1063,0.2132,0.0289,0.0359
d20756ae,13,50,0.7261,8.5966,0.1312,0.1918,0.1171,0.2221,0.0301,0.0338
a9daf54c,13,50,0.6399,8.5967,0.1279,0.1408,0.1066,0.1963,0.0379,0.0305
d20756ae,13,51,0.6067,8.5967,0.1273,0.1766,0.0824,0.1807,0.0076,0.0320
a9daf54c,13,51,0.6256,8.5963,0.1207,0.1716,0.0942,0.1858,0.0216,0.0318
d20756ae,13,52,0.6567,8.5967,0.1286,0.1743,0.0993,0.2109,0.0088,0.0347
a9daf54c,13,52,0.6699,8.5967,0.1369,0.1626,0.1172,0.1850,0.0428,0.0253
d20756ae,14,53,0.6186,8.5966,0.1318,0.1906,0.0861,0.1713,0.0094,0.0294
a9daf54c,14,53,0.6698,8.5966,0.1226,0.1879,0.1084,0.1995,0.0108,0.0406
d20756ae,14,54,0.7290,8.5965,0.1288,0.2225,0.1182,0.2037,0.0177,0.0381
a9daf54c,14,54,0.6120,8.5966,0.1333,0.1501,0.0982,0.1878,0.0107,0.0319
d20756ae,14,55,0.5708,8.5966,0.1261,0.1517,0.0925,0.1616,0.0088,0.0301
a9daf54c,14,55,0.5931,8.5963,0.1115,0.1444,0.0862,0.1548,0.0707,0.0257
d20756ae,14,56,0.5613,8.5967,0.1152,0.1483,0.0904,0.1695,0.0100,0.0278
a9daf54c,14,56,0.5972,8.5966,0.1137,0.1615,0.0850,0.1698,0.0432,0.0241
d20756ae,15,57,0.5659,8.5965,0.1118,0.1645,0.0919,0.1554,0.0101,0.0321
a9daf54c,15,57,0.6253,8.5964,0.1219,0.1755,0.0987,0.1799,0.0160,0.0333
d20756ae,15,58,0.6719,8.5968,0.1155,0.1930,0.1146,0.1775,0.0261,0.0451
a9daf54c,15,58,0.6168,8.5966,0.1236,0.1709,0.1000,0.1766,0.0149,0.0307
d20756ae,15,59,0.6119,8.5973,0.1395,0.1709,0.0992,0.1643,0.0112,0.0267
a9daf54c,15,59,0.5744,8.5966,0.1192,0.1385,0.0915,0.1596,0.0324,0.0332
d20756ae,15,60,0.5745,8.5968,0.1234,0.1794,0.0833,0.1500,0.0082,0.0302
a9daf54c,15,60,0.6420,8.5963,0.1005,0.1780,0.0983,0.1850,0.0463,0.0339
d20756ae,16,61,0.7121,8.5964,0.1333,0.2036,0.1051,0.2068,0.0147,0.0487
a9daf54c,16,61,0.8080,8.5966,0.1440,0.2364,0.1174,0.2316,0.0387,0.0399
d20756ae,16,62,0.7227,8.5963,0.1206,0.2382,0.1080,0.1958,0.0183,0.0418
a9daf54c,16,62,0.6676,8.5968,0.1479,0.1749,0.1036,0.1867,0.0102,0.0443
d20756ae,16,63,0.5882,8.5967,0.1255,0.1580,0.0963,0.1668,0.0168,0.0249
a9daf54c,16,63,0.5944,8.5964,0.1290,0.1692,0.0980,0.1607,0.0099,0.0275
d20756ae,16,64,0.6310,8.5964,0.1184,0.1855,0.0969,0.1580,0.0474,0.0247
a9daf54c,16,64,0.6350,8.5964,0.1245,0.1872,0.1095,0.1666,0.0138,0.0333
d20756ae,17,65,0.6714,8.5971,0.1198,0.1742,0.1072,0.2007,0.0407,0.0289
a9daf54c,17,65,0.6325,8.5966,0.1348,0.1756,0.0934,0.1873,0.0088,0.0326
d20756ae,17,66,0.6971,8.5963,0.1322,0.1824,0.1126,0.2098,0.0140,0.0460
a9daf54c,17,66,0.6734,8.5968,0.1237,0.1722,0.1080,0.1972,0.0426,0.0298
d20756ae,17,67,0.5994,8.5964,0.1266,0.1454,0.0984,0.1833,0.0087,0.0371
a9daf54c,17,67,0.6229,8.5968,0.1223,0.1485,0.0996,0.2103,0.0145,0.0277
d20756ae,17,68,0.6646,8.5963,0.1408,0.1775,0.0986,0.1854,0.0277,0.0345
a9daf54c,17,68,0.6064,8.5963,0.1118,0.1610,0.0972,0.1752,0.0303,0.0309
d20756ae,18,69,0.6735,8.5964,0.1195,0.2049,0.1020,0.1981,0.0111,0.0379
a9daf54c,18,69,0.7976,8.5970,0.1310,0.2401,0.1161,0.2233,0.0487,0.0383
d20756ae,18,70,0.7674,8.5969,0.1462,0.1791,0.1578,0.2322,0.0195,0.0327
a9daf54c,18,70,0.6110,8.5966,0.1448,0.1499,0.0997,0.1635,0.0264,0.0268
d20756ae,18,71,0.5926,8.5963,0.1109,0.1613,0.1022,0.1785,0.0113,0.0285
a9daf54c,18,71,0.6574,8.5963,0.1141,0.1527,0.1096,0.1869,0.0595,0.0345
d20756ae,18,72,0.5679,8.5964,0.1312,0.1443,0.0895,0.1618,0.0100,0.0311
a9daf54c,18,72,0.5881,8.5965,0.1073,0.1525,0.0973,0.1941,0.0084,0.0285
d20756ae,19,73,0.6508,8.5965,0.1133,0.1806,0.0921,0.1670,0.0688,0.0291
a9daf54c,19,73,0.6889,8.5965,0.1242,0.2005,0.0999,0.2115,0.0126,0.0402
d20756ae,19,74,0.6762,8.5966,0.1236,0.1837,0.1032,0.2069,0.0271,0.0316
a9daf54c,19,74,0.6076,8.5965,0.1204,0.1532,0.0989,0.1893,0.0103,0.0354
d20756ae,19,75,0.6360,8.5969,0.1304,0.1646,0.1002,0.1952,0.0157,0.0299
a9daf54c,19,75,0.6695,8.5965,0.1265,0.1670,0.1070,0.2056,0.0305,0.0330
d20756ae,19,76,0.5967,8.5964,0.1214,0.1577,0.0895,0.1629,0.0346,0.0306
a9daf54c,19,76,0.6007,8.5965,0.1146,0.1572,0.1011,0.1820,0.0087,0.0371
d20756ae,20,77,0.6392,8.5963,0.1227,0.1585,0.0997,0.1747,0.0534,0.0303
a9daf54c,20,77,0.6958,8.5965,0.1198,0.1979,0.1047,0.2116,0.0158,0.0460
d20756ae,20,78,0.7718,8.5965,0.1392,0.2171,0.1169,0.2313,0.0316,0.0357
a9daf54c,20,78,0.7614,8.5966,0.1485,0.1926,0.1217,0.2419,0.0125,0.0441
d20756ae,20,79,0.6591,8.5963,0.1560,0.1507,0.1333,0.1728,0.0197,0.0266
a9daf54c,20,79,0.5581,8.5965,0.1241,0.1308,0.1044,0.1628,0.0095,0.0265
d20756ae,20,80,0.5726,8.5967,0.1074,0.1729,0.0811,0.1493,0.0380,0.0241
a9daf54c,20,80,0.5043,8.5964,0.0986,0.1208,0.0949,0.1610,0.0103,0.0187
a9daf54c,1,1,0.5443,8.5963,0.1002,0.1687,0.0919,0.1490,0.0086,0.0260
d20756ae,1,1,0.7957,8.5963,0.1127,0.1317,0.1106,0.1590,0.2474,0.0344
a9daf54c,1,2,0.5799,8.5968,0.1182,0.1676,0.0841,0.1658,0.0116,0.0325
d20756ae,1,2,0.5676,8.5964,0.1027,0.1528,0.0909,0.1535,0.0435,0.0242
a9daf54c,1,3,0.5375,8.5965,0.1172,0.1380,0.0971,0.1522,0.0099,0.0232
d20756ae,1,3,0.5687,8.5965,0.1165,0.1386,0.0916,0.1572,0.0376,0.0272
a9daf54c,1,4,0.5625,8.5966,0.0979,0.1810,0.0798,0.1571,0.0208,0.0259
d20756ae,1,4,0.6655,8.5964,0.1144,0.1901,0.1096,0.2015,0.0126,0.0373
a9daf54c,2,5,0.6904,8.5964,0.1330,0.1766,0.1076,0.1932,0.0510,0.0290
d20756ae,2,5,0.6880,8.5965,0.1279,0.1805,0.1213,0.2133,0.0123,0.0328
a9daf54c,2,6,0.6938,8.5963,0.1301,0.1848,0.1048,0.1976,0.0503,0.0262
d20756ae,2,6,0.6710,8.5964,0.1386,0.1630,0.1067,0.2092,0.0111,0.0423
a9daf54c,2,7,0.6258,8.5964,0.1392,0.1753,0.0918,0.1692,0.0267,0.0236
d20756ae,2,7,0.5887,8.5963,0.1130,0.1620,0.1105,0.1656,0.0126,0.0250
a9daf54c,2,8,0.6117,8.5964,0.1146,0.1747,0.0952,0.1660,0.0237,0.0376
d20756ae,2,8,0.6973,8.5966,0.1232,0.2285,0.1001,0.1914,0.0130,0.0410
a9daf54c,3,9,0.6748,8.5964,0.1283,0.1793,0.1185,0.1835,0.0398,0.0254
d20756ae,3,9,0.7386,8.5967,0.1273,0.2372,0.1068,0.2055,0.0122,0.0496
a9daf54c,3,10,0.8235,8.5964,0.1508,0.2066,0.1470,0.2300,0.0412,0.0480
d20756ae,3,10,0.7068,8.5965,0.1405,0.1810,0.1261,0.2090,0.0155,0.0347
a9daf54c,3,11,0.5870,8.5971,0.1109,0.1461,0.0988,0.1785,0.0250,0.0278
d20756ae,3,11,0.6725,8.5964,0.1266,0.1929,0.1030,0.1990,0.0091,0.0420
a9daf54c,3,12,0.7329,8.5964,0.1166,0.1814,0.1083,0.1989,0.0970,0.0307
d20756ae,3,12,0.7338,8.5967,0.1287,0.2034,0.1154,0.2278,0.0139,0.0447
a9daf54c,4,13,0.8790,8.5967,0.1425,0.2591,0.1234,0.2356,0.0731,0.0453
d20756ae,4,13,0.9091,8.5968,0.1596,0.2199,0.1877,0.2768,0.0184,0.0468
a9daf54c,4,14,0.8571,8.5963,0.1471,0.2534,0.1082,0.2143,0.0823,0.0519
d20756ae,4,14,0.7169,8.5969,0.1421,0.1665,0.1733,0.1838,0.0138,0.0375
a9daf54c,4,15,0.6060,8.5963,0.1295,0.1789,0.0950,0.1594,0.0106,0.0326
d20756ae,4,15,0.5767,8.5967,0.1079,0.1379,0.1071,0.1733,0.0154,0.0350
a9daf54c,4,16,0.6022,8.5966,0.1229,0.1742,0.0881,0.1687,0.0113,0.0369
d20756ae,4,16,0.6524,8.5966,0.0996,0.1756,0.1128,0.1743,0.0518,0.0384
a9daf54c,5,17,0.5935,8.5966,0.1131,0.1577,0.1007,0.1753,0.0200,0.0268
d20756ae,5,17,0.6674,8.5963,0.1284,0.2023,0.0937,0.1850,0.0132,0.0448
a9daf54c,5,18,0.7817,8.5967,0.1437,0.2304,0.1199,0.2225,0.0209,0.0442
d20756ae,5,18,0.6748,8.5964,0.1424,0.1652,0.1058,0.2114,0.0129,0.0370
a9daf54c,5,19,0.6117,8.5964,0.1385,0.1568,0.1007,0.1716,0.0092,0.0349
d20756ae,5,19,0.6408,8.5969,0.1138,0.1628,0.0955,0.1885,0.0429,0.0372
a9daf54c,5,20,0.6508,8.5972,0.1250,0.1899,0.0898,0.1963,0.0088,0.0410
d20756ae,5,20,0.6565,8.5964,0.1173,0.1746,0.1246,0.1952,0.0147,0.0301
a9daf54c,6,21,0.6832,8.5968,0.1332,0.2133,0.0913,0.1969,0.0125,0.0361
d20756ae,6,21,0.7622,8.5967,0.1420,0.2245,0.1287,0.2067,0.0164,0.0439
a9daf54c,6,22,0.7774,8.5972,0.1704,0.1935,0.1193,0.2417,0.0139,0.0385
d20756ae,6,22,0.6941,8.5963,0.1439,0.1679,0.1347,0.1990,0.0175,0.0312
a9daf54c,6,23,0.6088,8.5963,0.1158,0.1821,0.0937,0.1613,0.0167,0.0392
d20756ae,6,23,0.6302,8.5964,0.1260,0.1640,0.1109,0.1770,0.0138,0.0386
a9daf54c,6,24,0.6280,8.5964,0.1244,0.1662,0.1112,0.1615,0.0373,0.0273
d20756ae,6,24,0.5822,8.5963,0.1122,0.1648,0.0985,0.1637,0.0104,0.0326
a9daf54c,7,25,0.6956,8.5964,0.1191,0.2506,0.1013,0.1751,0.0120,0.0375
d20756ae,7,25,0.6861,8.5966,0.1278,0.1766,0.1157,0.2131,0.0137,0.0391
a9daf54c,7,26,0.7540,8.5963,0.1541,0.2006,0.1477,0.1957,0.0141,0.0417
d20756ae,7,26,0.7441,8.5964,0.1417,0.1670,0.1012,0.1864,0.1185,0.0294
a9daf54c,7,27,0.6004,8.5963,0.1357,0.1446,0.1077,0.1742,0.0122,0.0259
d20756ae,7,27,0.6367,8.5963,0.1208,0.1642,0.0853,0.1676,0.0670,0.0317
a9daf54c,7,28,0.6875,8.5965,0.1179,0.2356,0.0959,0.1842,0.0122,0.0418
d20756ae,7,28,0.7326,8.5966,0.1111,0.1797,0.1563,0.2293,0.0221,0.0343
a9daf54c,8,29,0.6501,8.5967,0.1389,0.1860,0.1024,0.1824,0.0162,0.0241
d20756ae,8,29,0.7099,8.5963,0.1191,0.2025,0.1201,0.2239,0.0108,0.0334
a9daf54c,8,30,0.8037,8.5963,0.1342,0.2453,0.1114,0.2201,0.0454,0.0473
d20756ae,8,30,0.7911,8.5966,0.1410,0.1989,0.1387,0.2467,0.0171,0.0486
a9daf54c,8,31,0.6750,8.5963,0.1705,0.1538,0.1235,0.1787,0.0174,0.0311
d20756ae,8,31,0.6290,8.5972,0.1300,0.1974,0.0888,0.1718,0.0106,0.0304
a9daf54c,8,32,0.6804,8.5964,0.1174,0.1848,0.1154,0.2195,0.0088,0.0345
d20756ae,8,32,0.6316,8.5965,0.1377,0.1650,0.1089,0.1763,0.0183,0.0255
a9daf54c,9,33,0.6101,8.5965,0.1290,0.1715,0.0972,0.1700,0.0122,0.0302
d20756ae,9,33,0.6943,8.5965,0.1222,0.2145,0.1039,0.1917,0.0198,0.0423
a9daf54c,9,34,0.6976,8.5963,0.1294,0.2029,0.1174,0.1999,0.0163,0.0316
d20756ae,9,34,0.6311,8.5964,0.1283,0.1569,0.1132,0.1906,0.0137,0.0283
a9daf54c,9,35,0.6181,8.5967,0.1321,0.1709,0.0987,0.1670,0.0095,0.0398
d20756ae,9,35,0.5903,8.5968,0.1241,0.1617,0.0955,0.1683,0.0106,0.0300
a9daf54c,9,36,0.6160,8.5964,0.1187,0.1729,0.0931,0.1800,0.0124,0.0388
d20756ae,9,36,0.6644,8.5971,0.1254,0.1831,0.0978,0.1936,0.0343,0.0301
a9daf54c,10,37,0.6784,8.5963,0.1211,0.2331,0.0904,0.1901,0.0160,0.0278
d20756ae,10,37,0.8311,8.5965,0.1220,0.2603,0.1310,0.2380,0.0129,0.0667
a9daf54c,10,38,0.9901,8.5966,0.1667,0.3092,0.1382,0.2917,0.0335,0.0507
d20756ae,10,38,0.8482,8.5966,0.1945,0.1836,0.1624,0.2437,0.0183,0.0456
a9daf54c,10,39,0.7063,8.5963,0.1627,0.1760,0.1177,0.1953,0.0175,0.0371
d20756ae,10,39,0.8103,8.5963,0.1205,0.2591,0.1132,0.2107,0.0573,0.0494
a9daf54c,10,40,0.7384,8.5963,0.1378,0.1775,0.1255,0.2464,0.0137,0.0375
d20756ae,10,40,0.6534,8.5966,0.1503,0.1751,0.1115,0.1783,0.0134,0.0248
a9daf54c,11,41,0.7400,8.5963,0.1258,0.2213,0.1022,0.1907,0.0610,0.0391
d20756ae,11,41,0.8558,8.5964,0.1509,0.2614,0.1288,0.2408,0.0152,0.0588
a9daf54c,11,42,0.8517,8.5968,0.1595,0.2118,0.1461,0.2468,0.0450,0.0425
d20756ae,11,42,0.9153,8.5964,0.1571,0.2487,0.1692,0.2767,0.0143,0.0494
a9daf54c,11,43,0.9509,8.5966,0.1575,0.2394,0.1459,0.2393,0.1308,0.0380
d20756ae,11,43,0.8417,8.5968,0.1614,0.2338,0.1428,0.2317,0.0146,0.0575
a9daf54c,11,44,0.7875,8.5967,0.1904,0.2032,0.1220,0.2158,0.0172,0.0388
d20756ae,11,44,0.7683,8.5967,0.1599,0.2163,0.1196,0.2200,0.0152,0.0373
a9daf54c,12,45,0.8611,8.5963,0.1453,0.2418,0.1183,0.2279,0.0838,0.0440
d20756ae,12,45,0.8826,8.5963,0.1627,0.2452,0.1272,0.2719,0.0156,0.0600
a9daf54c,12,46,1.1325,8.5966,0.1893,0.3070,0.1977,0.3003,0.0232,0.1150
d20756ae,12,46,1.0781,8.5970,0.1904,0.2514,0.1343,0.2808,0.1643,0.0569
a9daf54c,12,47,0.8608,8.5965,0.1853,0.2333,0.1273,0.2512,0.0161,0.0476
d20756ae,12,47,0.8683,8.5965,0.1868,0.2262,0.1319,0.2561,0.0248,0.0425
a9daf54c,12,48,0.8590,8.5964,0.1721,0.2396,0.1364,0.2443,0.0213,0.0453
d20756ae,12,48,0.8687,8.5965,0.1729,0.2416,0.1354,0.2519,0.0209,0.0459
a9daf54c,13,49,0.8418,8.5965,0.1482,0.2404,0.1296,0.2379,0.0273,0.0584
d20756ae,13,49,1.0020,8.5965,0.1731,0.3159,0.1396,0.3013,0.0160,0.0562
a9daf54c,13,50,0.9414,8.5964,0.1791,0.2516,0.1397,0.2715,0.0433,0.0562
d20756ae,13,50,0.8802,8.5963,0.2256,0.1943,0.1660,0.2256,0.0269,0.0417
a9daf54c,13,51,0.8557,8.5963,0.1890,0.2091,0.1188,0.2053,0.0949,0.0385
d20756ae,13,51,0.7771,8.5963,0.1410,0.2292,0.1232,0.2170,0.0138,0.0528
a9daf54c,13,52,0.7769,8.5964,0.1495,0.2194,0.1200,0.2238,0.0324,0.0319
d20756ae,13,52,0.7755,8.5963,0.1522,0.2240,0.1327,0.2196,0.0127,0.0343
a9daf54c,14,53,0.8417,8.5964,0.1599,0.2124,0.1409,0.2494,0.0380,0.0412
d20756ae,14,53,0.9512,8.5970,0.1755,0.2681,0.1689,0.2422,0.0378,0.0586
a9daf54c,14,54,0.9532,8.5965,0.1385,0.1758,0.1695,0.3048,0.1138,0.0509
d20756ae,14,54,0.7669,8.5972,0.2000,0.1898,0.1157,0.2041,0.0148,0.0425
a9daf54c,14,55,0.6985,8.5963,0.1438,0.1939,0.1116,0.2004,0.0180,0.0307
d20756ae,14,55,0.6719,8.5969,0.1234,0.1946,0.1277,0.1737,0.0118,0.0406
a9daf54c,14,56,0.6321,8.5964,0.1143,0.1779,0.1218,0.1681,0.0272,0.0226
d20756ae,14,56,0.6718,8.5967,0.1176,0.2013,0.1044,0.1924,0.0093,0.0467
a9daf54c,15,57,0.6754,8.5964,0.1302,0.1719,0.1098,0.1849,0.0478,0.0308
d20756ae,15,57,0.7381,8.5973,0.1245,0.2012,0.1172,0.2474,0.0112,0.0366
a9daf54c,15,58,0.8610,8.5966,0.1430,0.2213,0.1251,0.2339,0.0932,0.0444
d20756ae,15,58,0.7084,8.5967,0.1472,0.1649,0.1150,0.2287,0.0237,0.0289
a9daf54c,15,59,0.6443,8.5963,0.1369,0.1704,0.1091,0.1852,0.0100,0.0327
d20756ae,15,59,0.6734,8.5967,0.1221,0.1571,0.1090,0.2060,0.0445,0.0347
a9daf54c,15,60,0.6869,8.5970,0.1244,0.2012,0.0975,0.1963,0.0241,0.0433
d20756ae,15,60,0.7274,8.5965,0.1266,0.1992,0.1296,0.2079,0.0181,0.0461
a9daf54c,16,61,0.7322,8.5964,0.1568,0.1993,0.1207,0.2108,0.0130,0.0316
d20756ae,16,61,0.7085,8.5964,0.1337,0.1886,0.1145,0.2046,0.0261,0.0410
a9daf54c,16,62,0.7147,8.5965,0.1377,0.2402,0.0959,0.1914,0.0094,0.0400
d20756ae,16,62,0.7059,8.5967,0.1329,0.1773,0.1597,0.1825,0.0133,0.0403
a9daf54c,16,63,0.5738,8.5964,0.1229,0.1425,0.0998,0.1615,0.0124,0.0347
d20756ae,16,63,0.5828,8.5968,0.1252,0.1771,0.0826,0.1598,0.0093,0.0288
a9daf54c,16,64,0.5860,8.5965,0.1055,0.1393,0.0986,0.1663,0.0447,0.0317
d20756ae,16,64,0.5537,8.5965,0.1229,0.1598,0.0830,0.1590,0.0085,0.0206
a9daf54c,17,65,0.6433,8.5972,0.0982,0.1696,0.1067,0.1879,0.0528,0.0281
d20756ae,17,65,0.7407,8.5963,0.1209,0.2338,0.1013,0.2141,0.0248,0.0458
a9daf54c,17,66,0.6702,8.5964,0.1385,0.1672,0.1167,0.1955,0.0191,0.0332
d20756ae,17,66,0.6586,8.5965,0.1382,0.1644,0.1073,0.2033,0.0101,0.0352
a9daf54c,17,67,0.6845,8.5966,0.1329,0.1760,0.0929,0.1633,0.0901,0.0292
d20756ae,17,67,0.6025,8.5964,0.1199,0.1572,0.1015,0.1811,0.0105,0.0323
a9daf54c,17,68,0.6298,8.5966,0.1357,0.1743,0.0914,0.1776,0.0128,0.0380
d20756ae,17,68,0.6462,8.5964,0.1338,0.1799,0.1076,0.1704,0.0130,0.0415
a9daf54c,18,69,0.7133,8.5964,0.1244,0.2094,0.1115,0.2060,0.0241,0.0378
d20756ae,18,69,0.7429,8.5965,0.1396,0.1806,0.1182,0.2505,0.0156,0.0384
a9daf54c,18,70,0.7137,8.5969,0.1749,0.2067,0.0965,0.1862,0.0108,0.0385
d20756ae,18,70,0.6712,8.5965,0.1342,0.1421,0.1315,0.2120,0.0138,0.0375
a9daf54c,18,71,0.6358,8.5963,0.1417,0.1639,0.0890,0.1903,0.0146,0.0363
d20756ae,18,71,0.6170,8.5965,0.1292,0.1606,0.1005,0.1874,0.0134,0.0260
a9daf54c,18,72,0.6423,8.5964,0.1297,0.1683,0.1098,0.1945,0.0117,0.0282
d20756ae,18,72,0.6550,8.5967,0.1213,0.1546,0.1106,0.2029,0.0352,0.0306
a9daf54c,19,73,0.6544,8.5963,0.1277,0.1899,0.0913,0.1712,0.0424,0.0318
d20756ae,19,73,0.6670,8.5970,0.1338,0.1864,0.0951,0.1970,0.0100,0.0448
a9daf54c,19,74,0.7517,8.5965,0.1384,0.2032,0.1088,0.2229,0.0157,0.0627
d20756ae,19,74,0.6761,8.5963,0.1652,0.1680,0.1257,0.1642,0.0271,0.0259
a9daf54c,19,75,0.5959,8.5967,0.1207,0.1565,0.1007,0.1755,0.0106,0.0319
d20756ae,19,75,0.6545,8.5965,0.1268,0.1556,0.0998,0.1847,0.0515,0.0360
a9daf54c,19,76,0.6039,8.5963,0.1236,0.1592,0.0987,0.1732,0.0132,0.0359
d20756ae,19,76,0.5936,8.5964,0.1243,0.1516,0.0964,0.1791,0.0098,0.0324
a9daf54c,20,77,0.6348,8.5974,0.1156,0.1987,0.0835,0.1668,0.0371,0.0330
d20756ae,20,77,0.7621,8.5967,0.1215,0.2581,0.1087,0.2199,0.0115,0.0424
a9daf54c,20,78,0.8269,8.5965,0.1543,0.1825,0.1563,0.2770,0.0147,0.0420
d20756ae,20,78,0.7099,8.5965,0.1968,0.1576,0.1165,0.1918,0.0190,0.0282
a9daf54c,20,79,0.5713,8.5965,0.1157,0.1473,0.0934,0.1754,0.0126,0.0270
d20756ae,20,79,0.5704,8.5966,0.1315,0.1550,0.0902,0.1556,0.0107,0.0274
a9daf54c,20,80,0.6002,8.5967,0.1066,0.1500,0.1079,0.1798,0.0306,0.0252
d20756ae,20,80,0.5630,8.5966,0.1085,0.1457,0.0975,0.1604,0.0265,0.0244
c820b35e,1,1,1.6869,8.5963,0.1362,0.1777,0.1466,0.1949,0.9903,0.0411
1b69b63d,1,1,2.0021,8.5971,0.1338,0.1730,0.1074,0.1869,1.3650,0.0359
c820b35e,1,2,0.5944,8.5965,0.1246,0.1819,0.0853,0.1540,0.0118,0.0368
1b69b63d,1,2,0.6332,8.5966,0.1186,0.1541,0.1201,0.1861,0.0151,0.0392
c820b35e,1,3,0.6405,8.5965,0.1218,0.1582,0.0943,0.1711,0.0606,0.0344
1b69b63d,1,3,0.5814,8.5968,0.1191,0.1696,0.0931,0.1539,0.0100,0.0357
c820b35e,1,4,0.5983,8.5964,0.1032,0.1860,0.1023,0.1596,0.0144,0.0327
1b69b63d,1,4,0.6354,8.5964,0.1218,0.1712,0.1127,0.1755,0.0132,0.0410
c820b35e,2,5,0.6484,8.5966,0.1243,0.1699,0.1033,0.1790,0.0300,0.0420
1b69b63d,2,5,0.6448,8.5965,0.1186,0.1806,0.0932,0.2003,0.0139,0.0382
c820b35e,2,6,0.6435,8.5964,0.1190,0.1745,0.1005,0.1950,0.0177,0.0367
1b69b63d,2,6,0.6489,8.5964,0.1269,0.1647,0.1176,0.1922,0.0127,0.0350
c820b35e,2,7,0.6565,8.5967,0.1213,0.1561,0.1034,0.1901,0.0394,0.0462
1b69b63d,2,7,0.6181,8.5971,0.1136,0.1455,0.1036,0.1972,0.0257,0.0325
c820b35e,2,8,0.6129,8.5964,0.1117,0.1613,0.0979,0.1797,0.0323,0.0300
1b69b63d,2,8,0.6073,8.5965,0.1107,0.1494,0.1049,0.1884,0.0210,0.0330
c820b35e,3,9,0.6340,8.5967,0.1156,0.1555,0.0975,0.1870,0.0442,0.0342
1b69b63d,3,9,0.6879,8.5964,0.1154,0.1861,0.1043,0.1961,0.0476,0.0384
c820b35e,3,10,0.6664,8.5964,0.1199,0.1854,0.1097,0.1813,0.0327,0.0373
1b69b63d,3,10,0.6437,8.5963,0.1285,0.1734,0.1002,0.1802,0.0108,0.0506
c820b35e,3,11,0.5796,8.5963,0.1217,0.1489,0.1019,0.1626,0.0159,0.0286
1b69b63d,3,11,0.6062,8.5964,0.1089,0.1801,0.0994,0.1711,0.0107,0.0361
c820b35e,3,12,0.6230,8.5963,0.1116,0.1587,0.1073,0.1703,0.0478,0.0272
1b69b63d,3,12,0.6004,8.5967,0.1096,0.1692,0.0970,0.1801,0.0098,0.0348
c820b35e,4,13,0.7061,8.5968,0.1172,0.1979,0.0990,0.2060,0.0485,0.0374
1b69b63d,4,13,0.8053,8.5965,0.1296,0.2486,0.1136,0.2376,0.0259,0.0499
c820b35e,4,14,0.6867,8.5967,0.1392,0.1823,0.1128,0.1830,0.0277,0.0418
1b69b63d,4,14,0.6294,8.5965,0.1249,0.1633,0.1085,0.1819,0.0174,0.0335
c820b35e,4,15,0.6898,8.5967,0.1255,0.1689,0.0958,0.1836,0.0823,0.0337
1b69b63d,4,15,0.6232,8.5969,0.1099,0.1567,0.1053,0.2024,0.0150,0.0340
c820b35e,4,16,0.6412,8.5965,0.1317,0.1584,0.1051,0.1864,0.0172,0.0426
1b69b63d,4,16,0.6635,8.5972,0.1140,0.1790,0.0934,0.1979,0.0385,0.0407
c820b35e,5,17,0.6646,8.5964,0.1238,0.1719,0.1072,0.1904,0.0357,0.0355
1b69b63d,5,17,0.7001,8.5965,0.1350,0.1807,0.1097,0.2161,0.0132,0.0455
c820b35e,5,18,0.7258,8.5963,0.1236,0.1623,0.1212,0.2199,0.0599,0.0390
1b69b63d,5,18,0.7087,8.5965,0.1157,0.2024,0.1065,0.1885,0.0512,0.0444
c820b35e,5,19,0.6356,8.5971,0.1329,0.1462,0.1038,0.2021,0.0137,0.0369
1b69b63d,5,19,0.6077,8.5967,0.1346,0.1757,0.0869,0.1696,0.0088,0.0321
c820b35e,5,20,0.6069,8.5964,0.1148,0.1501,0.0954,0.1785,0.0303,0.0378
1b69b63d,5,20,0.5948,8.5964,0.1254,0.1976,0.0794,0.1528,0.0083,0.0313
c820b35e,6,21,0.6583,8.5964,0.1142,0.1961,0.1085,0.1893,0.0198,0.0303
1b69b63d,6,21,0.7239,8.5964,0.1174,0.2444,0.1056,0.1934,0.0111,0.0519
c820b35e,6,22,0.8337,8.5968,0.1368,0.1934,0.1476,0.2873,0.0203,0.0484
1b69b63d,6,22,0.6547,8.5964,0.1855,0.1394,0.1049,0.1762,0.0195,0.0293
c820b35e,6,23,0.5676,8.5964,0.1222,0.1597,0.0829,0.1643,0.0112,0.0275
1b69b63d,6,23,0.6058,8.5965,0.1087,0.1508,0.0926,0.1791,0.0538,0.0208
c820b35e,6,24,0.5668,8.5963,0.1171,0.1696,0.0858,0.1576,0.0077,0.0291
1b69b63d,6,24,0.5810,8.5967,0.1132,0.1492,0.0919,0.1711,0.0127,0.0430
c820b35e,7,25,0.5794,8.5964,0.1266,0.1816,0.0802,0.1448,0.0126,0.0336
1b69b63d,7,25,0.6264,8.5967,0.0990,0.1798,0.1030,0.1865,0.0109,0.0473
c820b35e,7,26,0.6564,8.5969,0.1351,0.1982,0.0955,0.1852,0.0121,0.0303
1b69b63d,7,26,0.6659,8.5968,0.1343,0.1780,0.1090,0.1946,0.0114,0.0386
c820b35e,7,27,0.6102,8.5967,0.1417,0.1579,0.0965,0.1674,0.0109,0.0358
1b69b63d,7,27,0.5820,8.5966,0.1234,0.1768,0.0795,0.1644,0.0119,0.0261
c820b35e,7,28,0.6198,8.5967,0.1163,0.1659,0.1012,0.1822,0.0125,0.0417
1b69b63d,7,28,0.5954,8.5974,0.1149,0.1701,0.1006,0.1685,0.0142,0.0272
c820b35e,8,29,0.6205,8.5963,0.1110,0.1883,0.1006,0.1799,0.0114,0.0293
1b69b63d,8,29,0.6508,8.5964,0.1088,0.1817,0.1011,0.1933,0.0336,0.0323
c820b35e,8,30,0.7179,8.5972,0.1363,0.2157,0.1189,0.1970,0.0140,0.0360
1b69b63d,8,30,0.7598,8.5965,0.1303,0.2134,0.1154,0.2144,0.0463,0.0400
c820b35e,8,31,0.7474,8.5964,0.1338,0.1996,0.1582,0.2032,0.0172,0.0355
1b69b63d,8,31,0.7125,8.5966,0.1313,0.1877,0.1162,0.1974,0.0485,0.0313
c820b35e,8,32,0.6258,8.5965,0.1236,0.1715,0.1235,0.1612,0.0118,0.0342
1b69b63d,8,32,0.5995,8.5963,0.1132,0.1590,0.0974,0.1741,0.0236,0.0322
c820b35e,9,33,0.6449,8.5963,0.1219,0.2239,0.0935,0.1550,0.0096,0.0409
1b69b63d,9,33,0.7931,8.5965,0.1156,0.1871,0.1533,0.2754,0.0174,0.0443
c820b35e,9,34,0.7835,8.5966,0.1841,0.1966,0.1133,0.2236,0.0277,0.0382
1b69b63d,9,34,0.6490,8.5967,0.1312,0.1633,0.1096,0.1935,0.0241,0.0273
c820b35e,9,35,0.5909,8.5965,0.1258,0.1615,0.0972,0.1622,0.0092,0.0350
1b69b63d,9,35,0.5769,8.5964,0.1274,0.1504,0.0902,0.1673,0.0088,0.0327
c820b35e,9,36,0.5411,8.5969,0.1026,0.1690,0.0757,0.1517,0.0105,0.0317
1b69b63d,9,36,0.5624,8.5965,0.1008,0.1699,0.0919,0.1653,0.0095,0.0249
c820b35e,10,37,0.6110,8.5963,0.1234,0.1638,0.1021,0.1785,0.0116,0.0317
1b69b63d,10,37,0.6979,8.5963,0.1219,0.1886,0.1119,0.2051,0.0307,0.0397
c820b35e,10,38,0.6674,8.5969,0.1238,0.1711,0.1071,0.1890,0.0423,0.0341
1b69b63d,10,38,0.6880,8.5964,0.1315,0.1993,0.1039,0.1955,0.0124,0.0454
c820b35e,10,39,0.7210,8.5963,0.1303,0.1905,0.1171,0.2048,0.0408,0.0376
1b69b63d,10,39,0.6974,8.5967,0.1528,0.2010,0.1013,0.1853,0.0138,0.0432
c820b35e,10,40,0.6868,8.5964,0.1419,0.1667,0.1120,0.2067,0.0197,0.0397
1b69b63d,10,40,0.5913,8.5966,0.1459,0.1690,0.0844,0.1530,0.0127,0.0262
c820b35e,11,41,0.5913,8.5963,0.1063,0.1793,0.0991,0.1587,0.0147,0.0333
1b69b63d,11,41,0.6988,8.5965,0.1131,0.2278,0.1110,0.1933,0.0111,0.0425
c820b35e,11,42,0.6591,8.5965,0.1147,0.2043,0.1109,0.1730,0.0249,0.0313
1b69b63d,11,42,0.6657,8.5965,0.1403,0.1550,0.1185,0.1925,0.0173,0.0421
c820b35e,11,43,0.6949,8.5973,0.1381,0.1857,0.1013,0.1573,0.0860,0.0265
1b69b63d,11,43,0.6023,8.5963,0.1020,0.1626,0.1109,0.1800,0.0133,0.0336
c820b35e,11,44,0.6134,8.5971,0.1224,0.1648,0.0955,0.1842,0.0122,0.0343
1b69b63d,11,44,0.6259,8.5963,0.1357,0.1692,0.0997,0.1716,0.0116,0.0380
c820b35e,12,45,0.7316,8.5963,0.1149,0.2570,0.1043,0.1771,0.0327,0.0457
1b69b63d,12,45,0.8949,8.5963,0.1392,0.2882,0.1250,0.2496,0.0192,0.0737
c820b35e,12,46,0.8814,8.5964,0.2201,0.2223,0.1353,0.2344,0.0240,0.0454
1b69b63d,12,46,0.6545,8.5967,0.1585,0.1962,0.0876,0.1709,0.0134,0.0279
c820b35e,12,47,0.6523,8.5967,0.1527,0.1743,0.1220,0.1590,0.0167,0.0276
1b69b63d,12,47,0.7050,8.5965,0.1296,0.1763,0.0932,0.1956,0.0833,0.0270
c820b35e,12,48,0.6790,8.5963,0.1450,0.1880,0.1122,0.1830,0.0130,0.0378
1b69b63d,12,48,0.6462,8.5965,0.1304,0.1797,0.1012,0.1708,0.0381,0.0259
c820b35e,13,49,0.6156,8.5965,0.1262,0.1784,0.0986,0.1678,0.0114,0.0333
1b69b63d,13,49,0.6414,8.5963,0.1290,0.1835,0.0964,0.1868,0.0161,0.0296
c820b35e,13,50,0.6839,8.5966,0.1287,0.1857,0.1177,0.2071,0.0132,0.0316
1b69b63d,13,50,0.7196,8.5965,0.1368,0.1807,0.1112,0.2055,0.0425,0.0429
c820b35e,13,51,0.6216,8.5963,0.1325,0.1748,0.1032,0.1632,0.0179,0.0299
1b69b63d,13,51,0.6150,8.5963,0.1117,0.1663,0.1018,0.1859,0.0109,0.0385
c820b35e,13,52,0.6379,8.5967,0.1276,0.1737,0.1028,0.1881,0.0194,0.0263
1b69b63d,13,52,0.6615,8.5967,0.1230,0.1903,0.0998,0.2075,0.0105,0.0305
c820b35e,14,53,0.7154,8.5965,0.1416,0.1938,0.1108,0.2004,0.0321,0.0368
1b69b63d,14,53,0.7184,8.5968,0.1481,0.1985,0.1150,0.2108,0.0132,0.0327
c820b35e,14,54,0.7261,8.5968,0.1227,0.2036,0.1194,0.2230,0.0200,0.0373
1b69b63d,14,54,0.6781,8.5964,0.1345,0.1753,0.1296,0.1878,0.0179,0.0330
c820b35e,14,55,0.6230,8.5964,0.1282,0.1705,0.1098,0.1673,0.0154,0.0318
1b69b63d,14,55,0.6511,8.5966,0.1232,0.1878,0.0964,0.1910,0.0099,0.0428
c820b35e,14,56,0.6455,8.5963,0.1171,0.1802,0.1061,0.1976,0.0151,0.0293
1b69b63d,14,56,0.7206,8.5963,0.1274,0.2339,0.1074,0.1967,0.0135,0.0416
c820b35e,15,57,0.7311,8.5963,0.1301,0.1787,0.1639,0.1800,0.0464,0.0320
1b69b63d,15,57,0.6456,8.5964,0.1131,0.1938,0.1043,0.1773,0.0201,0.0370
c820b35e,15,58,0.6861,8.5963,0.1393,0.1825,0.1179,0.2003,0.0135,0.0326
1b69b63d,15,58,0.7202,8.5964,0.1378,0.1875,0.1131,0.2002,0.0393,0.0422
c820b35e,15,59,0.6978,8.5968,0.1326,0.1900,0.1157,0.2033,0.0164,0.0397
1b69b63d,15,59,0.5845,8.5967,0.1288,0.1594,0.0921,0.1674,0.0117,0.0250
c820b35e,15,60,0.6155,8.5966,0.1207,0.1551,0.1084,0.1902,0.0126,0.0284
1b69b63d,15,60,0.6979,8.5967,0.1220,0.1593,0.0984,0.1932,0.0991,0.0258
c820b35e,16,61,0.6637,8.5966,0.1234,0.1754,0.0992,0.1931,0.0339,0.0388
1b69b63d,16,61,0.6828,8.5967,0.1264,0.2103,0.1017,0.1847,0.0340,0.0256
c820b35e,16,62,0.7063,8.5964,0.1313,0.1815,0.1405,0.2048,0.0146,0.0336
1b69b63d,16,62,0.7315,8.5968,0.1271,0.2170,0.1035,0.1969,0.0501,0.0368
c820b35e,16,63,0.5964,8.5963,0.1242,0.1702,0.0944,0.1648,0.0134,0.0293
1b69b63d,16,63,0.6425,8.5966,0.1186,0.1556,0.1064,0.1940,0.0126,0.0552
c820b35e,16,64,0.7059,8.5964,0.1185,0.1672,0.1067,0.1810,0.0986,0.0340
1b69b63d,16,64,0.6704,8.5969,0.1163,0.2164,0.0860,0.2054,0.0122,0.0341
c820b35e,17,65,0.7812,8.5974,0.1180,0.1904,0.1404,0.2644,0.0348,0.0332
1b69b63d,17,65,0.7402,8.5963,0.1751,0.2203,0.1040,0.1949,0.0173,0.0286
c820b35e,17,66,0.6847,8.5964,0.1324,0.2143,0.1081,0.1815,0.0112,0.0372
1b69b63d,17,66,0.6647,8.5964,0.1314,0.2104,0.1038,0.1755,0.0103,0.0333
c820b35e,17,67,0.6688,8.5964,0.1213,0.1675,0.1364,0.1997,0.0132,0.0308
1b69b63d,17,67,0.6379,8.5963,0.1325,0.1893,0.0917,0.1578,0.0402,0.0264
c820b35e,17,68,0.6074,8.5974,0.1166,0.1501,0.1151,0.1751,0.0186,0.0319
1b69b63d,17,68,0.6058,8.5963,0.1141,0.1686,0.0890,0.1582,0.0460,0.0298
c820b35e,18,69,0.5976,8.5967,0.1117,0.1752,0.0923,0.1785,0.0113,0.0285
1b69b63d,18,69,0.6948,8.5967,0.1379,0.2031,0.1061,0.2002,0.0097,0.0378
c820b35e,18,70,0.7238,8.5964,0.1287,0.2065,0.1211,0.1894,0.0385,0.0396
1b69b63d,18,70,0.7273,8.5966,0.1410,0.2181,0.1208,0.1837,0.0148,0.0490
c820b35e,18,71,0.6454,8.5965,0.1367,0.1760,0.1026,0.1840,0.0168,0.0293
1b69b63d,18,71,0.6138,8.5967,0.1295,0.1628,0.1094,0.1691,0.0150,0.0281
c820b35e,18,72,0.6389,8.5966,0.1188,0.1559,0.0943,0.1738,0.0646,0.0315
1b69b63d,18,72,0.6281,8.5972,0.1195,0.1767,0.0962,0.1974,0.0090,0.0293
c820b35e,19,73,0.7375,8.5964,0.1211,0.2161,0.0977,0.1934,0.0683,0.0409
1b69b63d,19,73,0.7060,8.5966,0.1266,0.1803,0.1099,0.2263,0.0169,0.0460
c820b35e,19,74,0.7153,8.5966,0.1539,0.1991,0.1087,0.1995,0.0123,0.0417
1b69b63d,19,74,0.7195,8.5966,0.1444,0.2052,0.1125,0.1914,0.0270,0.0390
c820b35e,19,75,0.6002,8.5963,0.1273,0.1585,0.1094,0.1682,0.0148,0.0219
1b69b63d,19,75,0.5925,8.5966,0.1199,0.1694,0.0984,0.1641,0.0086,0.0320
c820b35e,19,76,0.5949,8.5967,0.1191,0.1735,0.0940,0.1683,0.0113,0.0286
1b69b63d,19,76,0.5718,8.5977,0.1146,0.1464,0.0945,0.1764,0.0104,0.0295
c820b35e,20,77,0.6111,8.5967,0.1214,0.1737,0.0888,0.1776,0.0189,0.0305
1b69b63d,20,77,0.6708,8.5966,0.1185,0.1875,0.0944,0.2122,0.0184,0.0399
c820b35e,20,78,0.7153,8.5966,0.1231,0.2049,0.1151,0.2153,0.0222,0.0348
1b69b63d,20,78,0.6609,8.5974,0.1307,0.1584,0.1063,0.2111,0.0138,0.0404
c820b35e,20,79,0.5883,8.5964,0.1359,0.1702,0.0821,0.1541,0.0136,0.0323
1b69b63d,20,79,0.5768,8.5967,0.1107,0.1760,0.0904,0.1627,0.0125,0.0246
c820b35e,20,80,0.5871,8.5964,0.1262,0.1593,0.0967,0.1619,0.0099,0.0331
1b69b63d,20,80,0.5615,8.5966,0.1237,0.1400,0.0929,0.1669,0.0153,0.0226
206a4611,1,1,1.8007,8.5964,0.2317,0.2609,0.1670,0.2645,0.8298,0.0469
531eb58a,1,1,2.1382,8.5964,0.2320,0.2402,0.1302,0.2012,1.2933,0.0414
206a4611,1,2,0.7549,8.5963,0.1703,0.2020,0.1125,0.2088,0.0160,0.0453
531eb58a,1,2,0.7724,8.5964,0.1608,0.2000,0.1120,0.2033,0.0462,0.0501
206a4611,1,3,0.7399,8.5969,0.1501,0.1875,0.1138,0.2360,0.0127,0.0398
531eb58a,1,3,0.7989,8.5964,0.1452,0.2094,0.1256,0.2261,0.0500,0.0426
206a4611,1,4,0.7904,8.5964,0.1316,0.1922,0.1282,0.2528,0.0482,0.0375
531eb58a,1,4,0.8055,8.5966,0.1796,0.1898,0.1280,0.2428,0.0147,0.0506
206a4611,2,5,0.8476,8.5965,0.1410,0.2244,0.1295,0.2337,0.0717,0.0473
531eb58a,2,5,0.8801,8.5964,0.1405,0.2451,0.1373,0.2620,0.0425,0.0526
206a4611,2,6,0.8943,8.5963,0.1621,0.2636,0.1428,0.2624,0.0264,0.0371
531eb58a,2,6,0.8883,8.5964,0.1741,0.2716,0.1285,0.2505,0.0189,0.0447
206a4611,2,7,0.8799,8.5966,0.1807,0.2259,0.1646,0.2390,0.0189,0.0508
531eb58a,2,7,0.7996,8.5964,0.1720,0.2007,0.1411,0.2209,0.0215,0.0434
206a4611,2,8,0.7380,8.5963,0.1419,0.2194,0.1148,0.2091,0.0135,0.0393
531eb58a,2,8,0.7723,8.5966,0.1463,0.2313,0.1148,0.2203,0.0165,0.0430
206a4611,3,9,0.8211,8.5965,0.1679,0.2260,0.1282,0.2402,0.0156,0.0432
531eb58a,3,9,0.8421,8.5967,0.1449,0.2255,0.1461,0.2570,0.0245,0.0441
206a4611,3,10,0.8577,8.5967,0.1563,0.2233,0.1295,0.2735,0.0272,0.0478
531eb58a,3,10,0.8239,8.5965,0.1625,0.2176,0.1384,0.2387,0.0248,0.0418
206a4611,3,11,0.7757,8.5965,0.1548,0.2000,0.1299,0.2345,0.0147,0.0418
531eb58a,3,11,0.7586,8.5966,0.1421,0.1932,0.1225,0.2366,0.0238,0.0404
206a4611,3,12,0.7583,8.5964,0.1403,0.2010,0.1291,0.2332,0.0216,0.0332
531eb58a,3,12,0.7581,8.5968,0.1415,0.1901,0.1224,0.2322,0.0266,0.0454
206a4611,4,13,0.7999,8.5965,0.1434,0.2183,0.1344,0.2401,0.0293,0.0344
531eb58a,4,13,0.8396,8.5969,0.1415,0.2295,0.1226,0.2483,0.0483,0.0494
206a4611,4,14,0.9300,8.5964,0.1734,0.2434,0.1524,0.2888,0.0205,0.0515
531eb58a,4,14,0.9675,8.5965,0.1864,0.2353,0.1604,0.2776,0.0553,0.0524
206a4611,4,15,0.8476,8.5968,0.1840,0.2135,0.1304,0.2569,0.0193,0.0435
531eb58a,4,15,0.7744,8.5965,0.1743,0.2213,0.1123,0.2114,0.0154,0.0396
206a4611,4,16,0.7221,8.5964,0.1512,0.2080,0.1123,0.2005,0.0109,0.0392
531eb58a,4,16,0.7382,8.5968,0.1577,0.2093,0.1107,0.2073,0.0123,0.0410
206a4611,5,17,0.8450,8.5967,0.1554,0.2788,0.1234,0.2277,0.0186,0.0410
531eb58a,5,17,0.9339,8.5967,0.1536,0.2406,0.1478,0.3254,0.0147,0.0518
206a4611,5,18,0.9689,8.5964,0.2087,0.2644,0.1462,0.2728,0.0212,0.0555
531eb58a,5,18,0.9166,8.5963,0.1807,0.2575,0.1523,0.2379,0.0188,0.0695
206a4611,5,19,0.8361,8.5966,0.2017,0.1969,0.1389,0.2504,0.0125,0.0357
531eb58a,5,19,0.7633,8.5971,0.1738,0.1942,0.1221,0.2163,0.0201,0.0367
206a4611,5,20,0.7604,8.5965,0.1485,0.1947,0.1235,0.2366,0.0142,0.0429
531eb58a,5,20,0.8378,8.5969,0.1525,0.2193,0.1306,0.2514,0.0337,0.0504
206a4611,6,21,0.9741,8.5966,0.1522,0.2967,0.1348,0.2533,0.0818,0.0553
531eb58a,6,21,1.0309,8.5966,0.1727,0.2442,0.2370,0.3115,0.0280,0.0375
206a4611,6,22,0.9604,8.5965,0.1901,0.2746,0.1403,0.2467,0.0517,0.0571
531eb58a,6,22,0.9966,8.5965,0.1816,0.2884,0.1863,0.2767,0.0183,0.0454
206a4611,6,23,0.9084,8.5968,0.1792,0.1953,0.1504,0.3035,0.0411,0.0388
531eb58a,6,23,0.7757,8.5964,0.1722,0.1954,0.1241,0.2373,0.0119,0.0347
206a4611,6,24,0.8761,8.5964,0.1498,0.2465,0.1334,0.2575,0.0413,0.0477
531eb58a,6,24,0.9201,8.5964,0.1641,0.2557,0.1514,0.2625,0.0389,0.0474
206a4611,7,25,0.8627,8.5963,0.1727,0.2266,0.1326,0.2732,0.0153,0.0422
531eb58a,7,25,0.9115,8.5971,0.1762,0.2544,0.1341,0.2856,0.0155,0.0458
206a4611,7,26,0.9049,8.5963,0.1801,0.2160,0.1391,0.2702,0.0468,0.0527
531eb58a,7,26,0.9164,8.5964,0.2018,0.2438,0.1437,0.2531,0.0140,0.0600
206a4611,7,27,0.9393,8.5966,0.1648,0.2128,0.1466,0.2832,0.0833,0.0487
531eb58a,7,27,0.8661,8.5969,0.1923,0.2250,0.1374,0.2460,0.0194,0.0461
206a4611,7,28,0.8284,8.5965,0.1665,0.2127,0.1311,0.2445,0.0341,0.0396
531eb58a,7,28,0.7693,8.5963,0.1613,0.2123,0.1204,0.2135,0.0122,0.0496
206a4611,8,29,0.7843,8.5965,0.1487,0.2156,0.1284,0.2368,0.0171,0.0378
531eb58a,8,29,0.8625,8.5966,0.1491,0.2227,0.1413,0.2801,0.0246,0.0446
206a4611,8,30,0.8579,8.5968,0.1578,0.2122,0.1324,0.2578,0.0540,0.0436
531eb58a,8,30,0.8246,8.5966,0.1666,0.2161,0.1273,0.2497,0.0107,0.0541
206a4611,8,31,0.8478,8.5967,0.1618,0.2040,0.1438,0.2726,0.0198,0.0458
531eb58a,8,31,0.8682,8.5968,0.1651,0.2565,0.1287,0.2271,0.0315,0.0592
206a4611,8,32,0.9690,8.5964,0.1628,0.2800,0.1520,0.3130,0.0151,0.0461
531eb58a,8,32,0.9344,8.5965,0.1943,0.2418,0.1391,0.2690,0.0300,0.0601
206a4611,9,33,0.8649,8.5964,0.1941,0.2309,0.1500,0.2379,0.0145,0.0374
531eb58a,9,33,1.0190,8.5964,0.1572,0.3104,0.1375,0.2832,0.0694,0.0613
206a4611,9,34,1.0586,8.5967,0.2172,0.2829,0.1747,0.3027,0.0190,0.0621
531eb58a,9,34,0.9647,8.5965,0.1865,0.2785,0.1566,0.2754,0.0176,0.0502
206a4611,9,35,0.9392,8.5964,0.1953,0.2356,0.1616,0.2713,0.0191,0.0563
531eb58a,9,35,0.8592,8.5968,0.1845,0.2189,0.1269,0.2441,0.0436,0.0413
206a4611,9,36,0.7286,8.5967,0.1505,0.1992,0.1180,0.2093,0.0127,0.0389
531eb58a,9,36,0.7758,8.5964,0.1725,0.2232,0.1185,0.2164,0.0114,0.0337
206a4611,10,37,0.8387,8.5964,0.1472,0.2392,0.1228,0.2481,0.0348,0.0466
531eb58a,10,37,0.8656,8.5967,0.1841,0.2314,0.1375,0.2552,0.0173,0.0401
206a4611,10,38,1.0462,8.5967,0.1744,0.3489,0.1400,0.2877,0.0194,0.0757
531eb58a,10,38,1.0549,8.5964,0.1905,0.2503,0.2381,0.2976,0.0331,0.0454
206a4611,10,39,0.8423,8.5965,0.1960,0.2159,0.1495,0.2266,0.0177,0.0366
531eb58a,10,39,0.7664,8.5968,0.1613,0.2075,0.1248,0.2285,0.0115,0.0328
206a4611,10,40,0.7658,8.5963,0.1514,0.2047,0.1184,0.2345,0.0156,0.0413
531eb58a,10,40,0.8391,8.5963,0.1622,0.2362,0.1334,0.2435,0.0179,0.0459
206a4611,11,41,0.9566,8.5964,0.1525,0.2432,0.1373,0.3165,0.0563,0.0507
531eb58a,11,41,1.0474,8.5965,0.2006,0.2659,0.1528,0.3127,0.0429,0.0726
206a4611,11,42,0.9546,8.5966,0.1856,0.2489,0.1643,0.2508,0.0610,0.0439
531eb58a,11,42,0.9080,8.5966,0.1811,0.2368,0.1456,0.2932,0.0129,0.0384
206a4611,11,43,0.8626,8.5964,0.1989,0.2220,0.1362,0.2268,0.0399,0.0387
531eb58a,11,43,0.7379,8.5970,0.1628,0.1944,0.1213,0.2111,0.0108,0.0375
206a4611,11,44,0.8026,8.5968,0.1639,0.2396,0.1197,0.2261,0.0123,0.0411
531eb58a,11,44,0.9788,8.5965,0.1460,0.3388,0.1316,0.2771,0.0264,0.0589
206a4611,12,45,1.0564,8.5964,0.1921,0.3099,0.1924,0.2953,0.0198,0.0468
531eb58a,12,45,1.0387,8.5969,0.1750,0.2746,0.2075,0.2864,0.0276,0.0677
206a4611,12,46,1.0316,8.5974,0.1914,0.2764,0.1602,0.3093,0.0472,0.0471
531eb58a,12,46,0.9424,8.5965,0.1694,0.2300,0.1658,0.3160,0.0216,0.0396
206a4611,12,47,0.9572,8.5965,0.1936,0.2756,0.1433,0.2781,0.0156,0.0510
531eb58a,12,47,0.9815,8.5963,0.1757,0.2664,0.1620,0.3013,0.0352,0.0410
206a4611,12,48,0.9488,8.5964,0.1976,0.2695,0.1597,0.2556,0.0140,0.0524
531eb58a,12,48,0.9258,8.5963,0.1760,0.2337,0.1652,0.2800,0.0231,0.0478
206a4611,13,49,0.8646,8.5971,0.1917,0.2394,0.1385,0.2325,0.0190,0.0436
531eb58a,13,49,0.8872,8.5965,0.1575,0.2454,0.1236,0.2774,0.0221,0.0612
206a4611,13,50,1.0093,8.5969,0.1804,0.3055,0.1342,0.2869,0.0144,0.0879
531eb58a,13,50,0.9758,8.5974,0.1885,0.2544,0.1657,0.2924,0.0301,0.0447
206a4611,13,51,0.7898,8.5968,0.1543,0.2104,0.1301,0.2465,0.0130,0.0356
531eb58a,13,51,0.7651,8.5965,0.1725,0.2163,0.1214,0.2081,0.0120,0.0347
206a4611,13,52,0.8410,8.5971,0.1536,0.2695,0.1255,0.2373,0.0157,0.0395
531eb58a,13,52,0.9057,8.5974,0.1678,0.2580,0.1554,0.2713,0.0159,0.0373
206a4611,14,53,0.9112,8.5964,0.1623,0.2541,0.1523,0.2699,0.0171,0.0556
531eb58a,14,53,0.9111,8.5964,0.1999,0.2432,0.1514,0.2496,0.0151,0.0520
206a4611,14,54,0.9627,8.5967,0.1827,0.3235,0.1358,0.2461,0.0161,0.0585
531eb58a,14,54,0.8900,8.5967,0.1803,0.2358,0.1294,0.2698,0.0166,0.0580
206a4611,14,55,0.8874,8.5963,0.2465,0.2077,0.1580,0.2174,0.0166,0.0412
531eb58a,14,55,0.8674,8.5968,0.1680,0.1994,0.1301,0.2266,0.1036,0.0396
206a4611,14,56,0.7636,8.5963,0.1453,0.2090,0.1251,0.2312,0.0159,0.0371
531eb58a,14,56,0.7972,8.5965,0.1475,0.2207,0.1320,0.2273,0.0268,0.0430
206a4611,15,57,0.8013,8.5965,0.1508,0.2342,0.1181,0.2248,0.0267,0.0467
531eb58a,15,57,0.7881,8.5963,0.1565,0.2230,0.1257,0.2310,0.0114,0.0405
206a4611,15,58,0.9223,8.5963,0.1777,0.2544,0.1528,0.2654,0.0178,0.0542
531eb58a,15,58,0.8750,8.5964,0.1624,0.2153,0.1277,0.2407,0.0848,0.0442
206a4611,15,59,0.7808,8.5968,0.1738,0.2047,0.1265,0.2178,0.0144,0.0437
531eb58a,15,59,0.7850,8.5967,0.1526,0.2090,0.1178,0.2175,0.0550,0.0332
206a4611,15,60,0.7625,8.5965,0.1522,0.2165,0.1181,0.2247,0.0113,0.0396
531eb58a,15,60,0.8047,8.5968,0.1611,0.2436,0.1166,0.2180,0.0115,0.0539
206a4611,16,61,0.9028,8.5965,0.1889,0.2441,0.1493,0.2658,0.0129,0.0419
531eb58a,16,61,1.1243,8.5967,0.1732,0.3334,0.1493,0.3192,0.0640,0.0852
206a4611,16,62,1.1910,8.5967,0.2134,0.3178,0.1780,0.3712,0.0345,0.0760
531eb58a,16,62,1.2247,8.5964,0.2304,0.3048,0.2056,0.3784,0.0354,0.0700
206a4611,16,63,1.0984,8.5966,0.2105,0.2599,0.1742,0.3047,0.0959,0.0533
531eb58a,16,63,0.9790,8.5965,0.1926,0.2646,0.1564,0.2853,0.0233,0.0569
206a4611,16,64,0.9991,8.5967,0.1896,0.2828,0.1488,0.2751,0.0494,0.0533
531eb58a,16,64,1.0110,8.5964,0.1876,0.3067,0.1549,0.2798,0.0277,0.0544
206a4611,17,65,1.1063,8.5965,0.2029,0.2910,0.1680,0.3241,0.0528,0.0675
531eb58a,17,65,1.0371,8.5968,0.2073,0.2848,0.1642,0.2992,0.0222,0.0594
206a4611,17,66,1.1030,8.5963,0.2164,0.2748,0.1926,0.3388,0.0168,0.0636
531eb58a,17,66,1.2467,8.5966,0.2257,0.3337,0.1844,0.3523,0.0955,0.0551
206a4611,17,67,1.0228,8.5966,0.2098,0.2580,0.1588,0.2906,0.0529,0.0527
531eb58a,17,67,0.9374,8.5963,0.2051,0.2475,0.1470,0.2659,0.0188,0.0531
206a4611,17,68,0.9070,8.5965,0.1915,0.2219,0.1397,0.2388,0.0748,0.0402
531eb58a,17,68,0.7598,8.5964,0.1634,0.2139,0.1190,0.2138,0.0112,0.0387
206a4611,18,69,0.7989,8.5964,0.1594,0.2548,0.1187,0.2136,0.0150,0.0374
531eb58a,18,69,0.8278,8.5963,0.1518,0.2461,0.1400,0.2300,0.0178,0.0420
206a4611,18,70,0.8858,8.5971,0.1701,0.2395,0.1484,0.2555,0.0197,0.0527
531eb58a,18,70,0.8502,8.5964,0.1627,0.2004,0.1392,0.2586,0.0528,0.0365
206a4611,18,71,0.7632,8.5967,0.1676,0.1944,0.1278,0.2254,0.0125,0.0356
531eb58a,18,71,0.7576,8.5967,0.1521,0.1979,0.1240,0.2196,0.0295,0.0345
206a4611,18,72,0.7615,8.5964,0.1462,0.1999,0.1308,0.2320,0.0148,0.0380
531eb58a,18,72,0.8018,8.5965,0.1436,0.2182,0.1258,0.2321,0.0407,0.0413
206a4611,19,73,0.8150,8.5964,0.1605,0.2430,0.1189,0.2288,0.0141,0.0497
531eb58a,19,73,0.8731,8.5964,0.1490,0.2374,0.1433,0.2799,0.0149,0.0485
206a4611,19,74,0.8966,8.5969,0.1664,0.2484,0.1364,0.2712,0.0198,0.0544
531eb58a,19,74,0.9084,8.5970,0.1796,0.2296,0.1503,0.2926,0.0135,0.0429
206a4611,19,75,0.8396,8.5967,0.1633,0.1963,0.1396,0.2601,0.0472,0.0331
531eb58a,19,75,0.7655,8.5963,0.1642,0.1866,0.1288,0.2308,0.0139,0.0413
206a4611,19,76,0.8123,8.5966,0.1423,0.2023,0.1308,0.2424,0.0533,0.0412
531eb58a,19,76,0.8332,8.5967,0.1404,0.2359,0.1193,0.2305,0.0614,0.0457
206a4611,20,77,0.8782,8.5963,0.1593,0.2700,0.1378,0.2261,0.0182,0.0669
531eb58a,20,77,0.9407,8.5964,0.1635,0.2499,0.1534,0.2923,0.0190,0.0625
206a4611,20,78,0.9583,8.5967,0.1959,0.2857,0.1389,0.2647,0.0198,0.0533
531eb58a,20,78,0.9223,8.5964,0.1820,0.2504,0.1513,0.2886,0.0137,0.0361
206a4611,20,79,0.8659,8.5965,0.1789,0.2082,0.1577,0.2634,0.0221,0.0356
531eb58a,20,79,0.8065,8.5963,0.1761,0.2178,0.1195,0.2252,0.0337,0.0342
206a4611,20,80,0.7775,8.5963,0.1634,0.2034,0.1195,0.2330,0.0158,0.0425
531eb58a,20,80,0.7679,8.5964,0.1570,0.1836,0.1350,0.2308,0.0296,0.0318
206a4611,1,1,0.7467,8.5963,0.1541,0.2059,0.1261,0.2098,0.0167,0.0341
531eb58a,1,1,1.1771,8.5964,0.1643,0.2217,0.1463,0.2434,0.3622,0.0393
206a4611,1,2,0.8240,8.5965,0.1584,0.2447,0.1257,0.2239,0.0296,0.0418
531eb58a,1,2,0.7920,8.5965,0.1661,0.2085,0.1294,0.2265,0.0160,0.0454
206a4611,1,3,0.8522,8.5966,0.1696,0.2466,0.1288,0.2395,0.0144,0.0533
531eb58a,1,3,0.7966,8.5963,0.1609,0.2036,0.1519,0.2145,0.0226,0.0432
206a4611,1,4,0.8163,8.5963,0.1670,0.2460,0.1372,0.2177,0.0152,0.0332
531eb58a,1,4,0.8530,8.5966,0.1480,0.2342,0.1237,0.2524,0.0581,0.0367
206a4611,2,5,0.8938,8.5963,0.1844,0.2480,0.1382,0.2553,0.0178,0.0500
531eb58a,2,5,1.0005,8.5967,0.1817,0.2694,0.1397,0.2929,0.0516,0.0651
206a4611,2,6,0.8560,8.5966,0.1596,0.2442,0.1259,0.2503,0.0229,0.0532
531eb58a,2,6,0.8385,8.5964,0.1903,0.2116,0.1375,0.2451,0.0144,0.0395
206a4611,2,7,0.8257,8.5963,0.1816,0.1989,0.1140,0.2252,0.0681,0.0379
531eb58a,2,7,0.7430,8.5966,0.1512,0.2066,0.1227,0.2133,0.0128,0.0364
206a4611,2,8,0.7212,8.5965,0.1419,0.1861,0.1153,0.2190,0.0227,0.0361
531eb58a,2,8,0.7866,8.5965,0.1563,0.2193,0.1298,0.2312,0.0156,0.0344
206a4611,3,9,0.8790,8.5965,0.1432,0.2569,0.1182,0.2198,0.0998,0.0411
531eb58a,3,9,0.8326,8.5965,0.1610,0.2283,0.1267,0.2484,0.0159,0.0524
206a4611,3,10,0.8762,8.5967,0.1769,0.2273,0.1439,0.2614,0.0140,0.0527
531eb58a,3,10,0.8239,8.5963,0.1566,0.2077,0.1445,0.2402,0.0339,0.0410
206a4611,3,11,0.7510,8.5964,0.1503,0.1989,0.1313,0.2216,0.0122,0.0367
531eb58a,3,11,0.7932,8.5965,0.1439,0.2190,0.1279,0.2518,0.0112,0.0394
206a4611,3,12,0.8790,8.5964,0.1586,0.2604,0.1406,0.2470,0.0227,0.0497
531eb58a,3,12,0.8497,8.5965,0.1578,0.2176,0.1843,0.2231,0.0297,0.0372
206a4611,4,13,0.7628,8.5963,0.1494,0.2282,0.1198,0.2104,0.0127,0.0423
531eb58a,4,13,0.8467,8.5967,0.1669,0.2482,0.1249,0.2436,0.0113,0.0519
206a4611,4,14,0.8583,8.5965,0.1581,0.2334,0.1345,0.2391,0.0496,0.0435
531eb58a,4,14,0.8023,8.5963,0.1744,0.2106,0.1331,0.2324,0.0125,0.0393
206a4611,4,15,0.7711,8.5965,0.1635,0.2150,0.1191,0.2043,0.0323,0.0370
531eb58a,4,15,0.7473,8.5965,0.1518,0.2266,0.1160,0.2053,0.0109,0.0368
206a4611,4,16,0.7705,8.5966,0.1528,0.2410,0.1162,0.2082,0.0121,0.0402
531eb58a,4,16,0.7811,8.5964,0.1568,0.2111,0.1431,0.2144,0.0179,0.0378
206a4611,5,17,0.8539,8.5967,0.1568,0.2290,0.1393,0.2371,0.0476,0.0442
531eb58a,5,17,0.7952,8.5963,0.1595,0.2150,0.1194,0.2358,0.0218,0.0437
206a4611,5,18,0.8711,8.5964,0.1658,0.2368,0.1426,0.2633,0.0133,0.0493
531eb58a,5,18,0.9593,8.5968,0.1897,0.2484,0.1393,0.2797,0.0602,0.0420
206a4611,5,19,0.8533,8.5966,0.1812,0.2528,0.1275,0.2389,0.0132,0.0397
531eb58a,5,19,0.8142,8.5964,0.1838,0.1960,0.1663,0.2131,0.0162,0.0388
206a4611,5,20,0.7752,8.5964,0.1470,0.2030,0.1216,0.2210,0.0424,0.0403
531eb58a,5,20,0.7549,8.5971,0.1528,0.2180,0.1175,0.2227,0.0119,0.0320
206a4611,6,21,0.7718,8.5966,0.1553,0.2375,0.1183,0.2112,0.0139,0.0356
531eb58a,6,21,0.7995,8.5967,0.1632,0.2257,0.1175,0.2377,0.0134,0.0420
206a4611,6,22,0.8120,8.5964,0.1651,0.2319,0.1270,0.2353,0.0142,0.0385
531eb58a,6,22,0.8179,8.5964,0.1717,0.2203,0.1264,0.2396,0.0151,0.0448
206a4611,6,23,0.7675,8.5965,0.1665,0.2015,0.1303,0.2199,0.0154,0.0339
531eb58a,6,23,0.7556,8.5965,0.1509,0.1958,0.1273,0.2267,0.0167,0.0383
206a4611,6,24,0.7956,8.5966,0.1481,0.1936,0.1276,0.2419,0.0450,0.0394
531eb58a,6,24,0.7903,8.5965,0.1419,0.2012,0.1274,0.2376,0.0451,0.0371
206a4611,7,25,0.8230,8.5966,0.1485,0.2264,0.1236,0.2236,0.0603,0.0407
531eb58a,7,25,0.8961,8.5963,0.1628,0.2607,0.1375,0.2624,0.0210,0.0517
206a4611,7,26,0.9428,8.5963,0.1742,0.2538,0.1471,0.2945,0.0187,0.0544
531eb58a,7,26,0.8933,8.5966,0.1649,0.2151,0.1523,0.2794,0.0298,0.0519
206a4611,7,27,0.7930,8.5964,0.1666,0.1966,0.1444,0.2249,0.0171,0.0433
531eb58a,7,27,0.7406,8.5963,0.1489,0.1987,0.1263,0.2208,0.0147,0.0311
206a4611,7,28,0.7591,8.5963,0.1592,0.2065,0.1238,0.2227,0.0111,0.0358
531eb58a,7,28,0.7385,8.5966,0.1417,0.1977,0.1208,0.2208,0.0220,0.0356
206a4611,8,29,0.8467,8.5969,0.1605,0.2665,0.1281,0.2325,0.0112,0.0479
531eb58a,8,29,0.9165,8.5967,0.1549,0.2378,0.1698,0.2556,0.0549,0.0436
206a4611,8,30,0.8180,8.5965,0.1631,0.2301,0.1267,0.2355,0.0173,0.0453
531eb58a,8,30,0.8075,8.5963,0.1610,0.2212,0.1248,0.2318,0.0132,0.0554
206a4611,8,31,0.7455,8.5965,0.1655,0.2008,0.1239,0.2064,0.0179,0.0310
531eb58a,8,31,0.7461,8.5964,0.1657,0.1940,0.1192,0.2049,0.0116,0.0507
206a4611,8,32,0.8275,8.5968,0.1413,0.2152,0.1356,0.2375,0.0524,0.0453
531eb58a,8,32,0.7782,8.5965,0.1403,0.2206,0.1166,0.2188,0.0433,0.0385
206a4611,9,33,0.8339,8.5964,0.1504,0.2559,0.1234,0.2456,0.0114,0.0471
531eb58a,9,33,1.0148,8.5963,0.1723,0.2834,0.1369,0.3264,0.0383,0.0575
206a4611,9,34,0.8718,8.5965,0.1821,0.2393,0.1393,0.2471,0.0203,0.0437
531eb58a,9,34,0.8303,8.5966,0.1786,0.1936,0.1448,0.2550,0.0156,0.0427
206a4611,9,35,0.8642,8.5970,0.1648,0.1991,0.1249,0.2382,0.1011,0.0360
531eb58a,9,35,0.7663,8.5963,0.1450,0.2185,0.1251,0.2211,0.0205,0.0361
206a4611,9,36,0.6974,8.5963,0.1416,0.1876,0.1167,0.1999,0.0130,0.0386
531eb58a,9,36,0.7953,8.5967,0.1758,0.2024,0.1303,0.2342,0.0138,0.0388
206a4611,10,37,0.9228,8.5965,0.1436,0.2301,0.1287,0.2510,0.1286,0.0408
531eb58a,10,37,0.8370,8.5965,0.1514,0.2522,0.1294,0.2419,0.0216,0.0405
206a4611,10,38,0.8306,8.5967,0.1683,0.2294,0.1243,0.2428,0.0132,0.0526
531eb58a,10,38,0.8213,8.5967,0.1860,0.2101,0.1269,0.2389,0.0126,0.0469
206a4611,10,39,0.7234,8.5963,0.1616,0.1943,0.1153,0.2060,0.0132,0.0329
531eb58a,10,39,0.7334,8.5965,0.1466,0.2013,0.1225,0.2182,0.0110,0.0338
206a4611,10,40,0.8306,8.5964,0.1513,0.2235,0.1280,0.2355,0.0541,0.0382
531eb58a,10,40,0.8341,8.5966,0.1556,0.2303,0.1383,0.2529,0.0155,0.0415
206a4611,11,41,0.8638,8.5971,0.1700,0.2525,0.1322,0.2452,0.0201,0.0437
531eb58a,11,41,0.8854,8.5966,0.1657,0.2484,0.1493,0.2579,0.0169,0.0471
206a4611,11,42,0.8552,8.5966,0.1593,0.2421,0.1343,0.2608,0.0160,0.0426
531eb58a,11,42,0.8037,8.5964,0.1775,0.2123,0.1248,0.2308,0.0123,0.0460
206a4611,11,43,0.7654,8.5964,0.1858,0.1943,0.1242,0.2148,0.0133,0.0331
531eb58a,11,43,0.7694,8.5967,0.1647,0.2114,0.1191,0.2164,0.0140,0.0439
206a4611,11,44,0.7017,8.5965,0.1441,0.1994,0.1129,0.2007,0.0123,0.0323
531eb58a,11,44,0.7876,8.5966,0.1648,0.2236,0.1199,0.2187,0.0107,0.0498
206a4611,12,45,0.8260,8.5963,0.1609,0.2222,0.1157,0.2081,0.0804,0.0388
531eb58a,12,45,0.8441,8.5963,0.1646,0.2513,0.1369,0.2294,0.0118,0.0500
206a4611,12,46,0.8674,8.5966,0.1620,0.2361,0.1259,0.2390,0.0697,0.0346
531eb58a,12,46,0.7929,8.5968,0.1862,0.1978,0.1293,0.2283,0.0130,0.0383
206a4611,12,47,0.8004,8.5964,0.1759,0.2121,0.1174,0.2079,0.0464,0.0406
531eb58a,12,47,0.9046,8.5968,0.1530,0.2927,0.1369,0.2559,0.0158,0.0504
206a4611,12,48,0.8978,8.5964,0.1679,0.1889,0.1841,0.2575,0.0590,0.0403
531eb58a,12,48,0.7581,8.5965,0.1594,0.2010,0.1240,0.2245,0.0114,0.0378
206a4611,13,49,0.8206,8.5964,0.1434,0.2412,0.1309,0.2119,0.0509,0.0422
531eb58a,13,49,0.7818,8.5963,0.1497,0.2181,0.1175,0.2346,0.0125,0.0493
206a4611,13,50,0.8823,8.5963,0.1797,0.2615,0.1306,0.2378,0.0132,0.0596
531eb58a,13,50,0.8608,8.5965,0.1683,0.1905,0.1647,0.2362,0.0591,0.0420
206a4611,13,51,0.7711,8.5967,0.1699,0.2040,0.1223,0.2232,0.0109,0.0407
531eb58a,13,51,0.7721,8.5964,0.1520,0.2132,0.1181,0.2104,0.0444,0.0340
206a4611,13,52,0.7270,8.5963,0.1427,0.2016,0.1225,0.2072,0.0134,0.0395
531eb58a,13,52,0.7575,8.5964,0.1630,0.2008,0.1235,0.2219,0.0156,0.0327
206a4611,14,53,0.7806,8.5963,0.1556,0.2231,0.1270,0.2216,0.0180,0.0353
531eb58a,14,53,0.8788,8.5965,0.1597,0.2532,0.1406,0.2700,0.0122,0.0431
206a4611,14,54,0.9165,8.5963,0.1610,0.2585,0.1398,0.2566,0.0386,0.0620
531eb58a,14,54,0.8679,8.5966,0.1806,0.2283,0.1434,0.2459,0.0204,0.0492
206a4611,14,55,0.8001,8.5963,0.1784,0.1904,0.1373,0.2397,0.0153,0.0391
531eb58a,14,55,0.7628,8.5964,0.1650,0.1995,0.1288,0.2256,0.0114,0.0326
206a4611,14,56,0.7555,8.5964,0.1402,0.2007,0.1282,0.2159,0.0294,0.0411
531eb58a,14,56,0.7642,8.5965,0.1565,0.2173,0.1256,0.2166,0.0115,0.0365
206a4611,15,57,0.8183,8.5965,0.1601,0.2397,0.1226,0.2363,0.0151,0.0444
531eb58a,15,57,0.8555,8.5965,0.1642,0.2510,0.1284,0.2453,0.0135,0.0531
206a4611,15,58,0.9744,8.5970,0.1805,0.2781,0.1527,0.2821,0.0202,0.0608
531eb58a,15,58,0.9375,8.5963,0.1786,0.2133,0.1659,0.2699,0.0657,0.0441
206a4611,15,59,0.8281,8.5968,0.1769,0.2136,0.1214,0.2602,0.0122,0.0438
531eb58a,15,59,0.8075,8.5965,0.1707,0.2165,0.1289,0.2066,0.0459,0.0389
206a4611,15,60,0.7961,8.5964,0.1651,0.2045,0.1392,0.2348,0.0141,0.0383
531eb58a,15,60,0.8577,8.5967,0.1643,0.2141,0.1261,0.2617,0.0496,0.0419
206a4611,16,61,0.8980,8.5964,0.1747,0.2713,0.1289,0.2414,0.0225,0.0592
531eb58a,16,61,1.0173,8.5965,0.1887,0.2665,0.1856,0.2847,0.0379,0.0539
206a4611,16,62,0.9338,8.5966,0.1899,0.2384,0.1497,0.2708,0.0424,0.0427
531eb58a,16,62,0.8227,8.5968,0.1692,0.2087,0.1332,0.2523,0.0175,0.0417
206a4611,16,63,0.8054,8.5965,0.1593,0.2194,0.1430,0.2242,0.0204,0.0389
531eb58a,16,63,0.7611,8.5971,0.1482,0.2057,0.1204,0.2323,0.0140,0.0405
206a4611,16,64,0.7877,8.5964,0.1611,0.2173,0.1316,0.2226,0.0142,0.0409
531eb58a,16,64,0.7557,8.5963,0.1523,0.2045,0.1237,0.2172,0.0229,0.0351
206a4611,17,65,0.8128,8.5963,0.1670,0.2412,0.1209,0.2296,0.0117,0.0424
531eb58a,17,65,0.8746,8.5964,0.1601,0.2492,0.1269,0.2439,0.0467,0.0478
206a4611,17,66,0.8750,8.5964,0.1694,0.2397,0.1580,0.2420,0.0188,0.0471
531eb58a,17,66,0.8495,8.5965,0.1821,0.2046,0.1323,0.2531,0.0290,0.0483
206a4611,17,67,0.7806,8.5965,0.1772,0.2088,0.1238,0.2122,0.0115,0.0471
531eb58a,17,67,0.7969,8.5966,0.1502,0.2253,0.1182,0.2279,0.0294,0.0460
206a4611,17,68,0.8634,8.5966,0.1513,0.2542,0.1223,0.2543,0.0135,0.0677
531eb58a,17,68,0.9474,8.5965,0.1855,0.2610,0.1635,0.2627,0.0190,0.0555
206a4611,18,69,0.9228,8.5964,0.1739,0.2455,0.1550,0.2599,0.0501,0.0383
531eb58a,18,69,0.8392,8.5967,0.1846,0.2300,0.1169,0.2498,0.0118,0.0460
206a4611,18,70,0.8733,8.5967,0.1781,0.2362,0.1461,0.2579,0.0145,0.0403
531eb58a,18,70,0.8631,8.5963,0.1699,0.1975,0.1415,0.2470,0.0640,0.0431
206a4611,18,71,0.7842,8.5965,0.1564,0.2449,0.1196,0.2134,0.0116,0.0383
531eb58a,18,71,0.8067,8.5965,0.1533,0.2340,0.1343,0.2247,0.0178,0.0426
206a4611,18,72,0.7779,8.5966,0.1722,0.2185,0.1253,0.2107,0.0117,0.0397
531eb58a,18,72,0.8192,8.5966,0.1591,0.2132,0.1403,0.2395,0.0149,0.0522
206a4611,19,73,0.8340,8.5964,0.1499,0.2367,0.1233,0.2219,0.0664,0.0359
531eb58a,19,73,0.8930,8.5964,0.1691,0.2515,0.1433,0.2697,0.0210,0.0384
206a4611,19,74,0.8888,8.5963,0.1631,0.2442,0.1377,0.2479,0.0524,0.0435
531eb58a,19,74,0.8118,8.5964,0.1878,0.2034,0.1360,0.2345,0.0141,0.0360
206a4611,19,75,0.9408,8.5964,0.1632,0.3012,0.1257,0.2677,0.0259,0.0572
531eb58a,19,75,1.0586,8.5963,0.2026,0.3021,0.1644,0.3002,0.0200,0.0694
206a4611,19,76,0.9234,8.5963,0.1938,0.2392,0.1508,0.2676,0.0210,0.0510
531eb58a,19,76,0.9574,8.5966,0.1893,0.2739,0.1637,0.2773,0.0146,0.0387
206a4611,20,77,0.9890,8.5964,0.1772,0.2580,0.1533,0.2856,0.0789,0.0360
531eb58a,20,77,0.9335,8.5964,0.1866,0.2573,0.1524,0.2682,0.0162,0.0529
206a4611,20,78,0.8983,8.5968,0.1770,0.2391,0.1468,0.2710,0.0243,0.0400
531eb58a,20,78,0.8331,8.5970,0.1815,0.1966,0.1486,0.2480,0.0204,0.0381
206a4611,20,79,0.8296,8.5969,0.1570,0.2041,0.1262,0.2453,0.0604,0.0366
531eb58a,20,79,0.7562,8.5969,0.1421,0.1970,0.1224,0.2134,0.0364,0.0449
206a4611,20,80,0.7721,8.5964,0.1532,0.2101,0.1302,0.2241,0.0144,0.0401
531eb58a,20,80,0.7579,8.5965,0.1434,0.2002,0.1238,0.2170,0.0374,0.0361
531eb58a,1,1,0.7322,8.5963,0.1469,0.2040,0.1191,0.2043,0.0169,0.0411
206a4611,1,1,1.1175,8.5964,0.1574,0.2048,0.1306,0.2261,0.3530,0.0456
531eb58a,1,2,0.7818,8.5966,0.1649,0.2313,0.1180,0.2112,0.0125,0.0438
206a4611,1,2,0.7176,8.5963,0.1499,0.2117,0.1122,0.1967,0.0115,0.0356
531eb58a,1,3,0.7246,8.5963,0.1578,0.1915,0.1159,0.2069,0.0128,0.0397
206a4611,1,3,0.8093,8.5969,0.1558,0.2114,0.1253,0.2355,0.0390,0.0422
531eb58a,1,4,0.7369,8.5966,0.1485,0.1938,0.1203,0.2171,0.0226,0.0346
206a4611,1,4,0.7753,8.5964,0.1510,0.2241,0.1282,0.2280,0.0128,0.0312
531eb58a,2,5,0.8488,8.5966,0.1439,0.2260,0.1211,0.2367,0.0771,0.0439
206a4611,2,5,0.8729,8.5967,0.1559,0.2393,0.1337,0.2654,0.0171,0.0615
531eb58a,2,6,0.9369,8.5966,0.1861,0.2648,0.1470,0.2745,0.0192,0.0454
206a4611,2,6,0.9019,8.5967,0.1764,0.2136,0.1474,0.2928,0.0200,0.0517
531eb58a,2,7,0.7849,8.5964,0.1756,0.2097,0.1362,0.2096,0.0205,0.0333
206a4611,2,7,0.8356,8.5964,0.1573,0.2254,0.1336,0.2538,0.0144,0.0511
531eb58a,2,8,0.8874,8.5964,0.1731,0.2011,0.1410,0.2624,0.0663,0.0435
206a4611,2,8,0.8088,8.5971,0.1623,0.2168,0.1185,0.2552,0.0144,0.0417
531eb58a,3,9,0.8059,8.5963,0.1864,0.2184,0.1244,0.2200,0.0182,0.0385
206a4611,3,9,0.8588,8.5965,0.1676,0.2256,0.1374,0.2573,0.0151,0.0557
531eb58a,3,10,0.9188,8.5963,0.1709,0.2835,0.1372,0.2478,0.0328,0.0466
206a4611,3,10,0.9712,8.5974,0.1991,0.2329,0.1833,0.2966,0.0180,0.0414
531eb58a,3,11,0.8840,8.5974,0.1793,0.2007,0.1511,0.2585,0.0620,0.0324
206a4611,3,11,0.7780,8.5965,0.1562,0.1963,0.1325,0.2253,0.0195,0.0483
531eb58a,3,12,0.7728,8.5967,0.1503,0.2084,0.1288,0.2242,0.0179,0.0432
206a4611,3,12,0.8144,8.5963,0.1421,0.2421,0.1277,0.2308,0.0123,0.0593
531eb58a,4,13,0.9695,8.5969,0.1703,0.2956,0.1461,0.2899,0.0191,0.0486
206a4611,4,13,1.1333,8.5967,0.1804,0.3575,0.1506,0.3175,0.0504,0.0770
531eb58a,4,14,0.9757,8.5963,0.1919,0.2651,0.1476,0.3070,0.0254,0.0386
206a4611,4,14,0.8951,8.5964,0.1689,0.2437,0.1549,0.2523,0.0212,0.0542
531eb58a,4,15,0.8501,8.5969,0.1772,0.2132,0.1306,0.2427,0.0485,0.0379
206a4611,4,15,0.8304,8.5963,0.1713,0.2507,0.1223,0.2362,0.0121,0.0379
531eb58a,4,16,0.8749,8.5963,0.1674,0.2402,0.1181,0.2608,0.0445,0.0438
206a4611,4,16,0.8600,8.5965,0.1876,0.2048,0.1491,0.2671,0.0172,0.0342
531eb58a,5,17,0.8385,8.5963,0.1609,0.2208,0.1230,0.2270,0.0697,0.0371
206a4611,5,17,0.8237,8.5967,0.1459,0.2528,0.1266,0.2403,0.0126,0.0455
531eb58a,5,18,0.9204,8.5965,0.1703,0.2535,0.1423,0.2667,0.0153,0.0722
206a4611,5,18,0.8570,8.5968,0.1767,0.2107,0.1566,0.2456,0.0201,0.0474
531eb58a,5,19,0.7961,8.5970,0.1719,0.1943,0.1341,0.2418,0.0158,0.0382
206a4611,5,19,0.8068,8.5966,0.1389,0.2184,0.1199,0.2131,0.0809,0.0356
531eb58a,5,20,0.8527,8.5964,0.1467,0.2556,0.1275,0.2470,0.0148,0.0611
206a4611,5,20,0.8406,8.5967,0.1572,0.2049,0.1552,0.2617,0.0257,0.0359
531eb58a,6,21,0.8771,8.5965,0.1708,0.2734,0.1332,0.2365,0.0158,0.0473
206a4611,6,21,0.9724,8.5972,0.1634,0.2599,0.1434,0.2961,0.0466,0.0629
531eb58a,6,22,0.9373,8.5965,0.2068,0.2381,0.1517,0.2695,0.0205,0.0507
206a4611,6,22,0.8390,8.5964,0.1671,0.2097,0.1368,0.2265,0.0569,0.0421
531eb58a,6,23,0.7924,8.5971,0.1554,0.2039,0.1188,0.2304,0.0169,0.0669
206a4611,6,23,0.7881,8.5965,0.1456,0.2139,0.1277,0.2031,0.0652,0.0326
531eb58a,6,24,0.7636,8.5965,0.1573,0.2111,0.1166,0.2134,0.0121,0.0531
206a4611,6,24,0.7723,8.5963,0.1590,0.2272,0.1222,0.2054,0.0241,0.0345
531eb58a,7,25,0.8124,8.5964,0.1656,0.2170,0.1266,0.2513,0.0142,0.0376
206a4611,7,25,0.9222,8.5965,0.1669,0.2432,0.1443,0.2688,0.0571,0.0420
531eb58a,7,26,0.9169,8.5963,0.1649,0.2730,0.1483,0.2550,0.0338,0.0419
206a4611,7,26,0.8517,8.5964,0.1758,0.2269,0.1487,0.2420,0.0228,0.0354
531eb58a,7,27,0.8444,8.5965,0.1725,0.2250,0.1332,0.2447,0.0178,0.0512
206a4611,7,27,0.8008,8.5963,0.1697,0.1993,0.1424,0.2307,0.0202,0.0386
531eb58a,7,28,0.7513,8.5966,0.1402,0.1987,0.1312,0.2270,0.0123,0.0419
206a4611,7,28,0.7952,8.5963,0.1443,0.2339,0.1285,0.2259,0.0281,0.0345
531eb58a,8,29,0.8499,8.5965,0.1459,0.2502,0.1357,0.2589,0.0157,0.0436
206a4611,8,29,0.8825,8.5966,0.1783,0.2676,0.1228,0.2452,0.0144,0.0542
531eb58a,8,30,0.8792,8.5967,0.1808,0.2345,0.1444,0.2628,0.0145,0.0422
206a4611,8,30,0.8605,8.5966,0.1777,0.2257,0.1468,0.2499,0.0207,0.0397
531eb58a,8,31,0.8492,8.5963,0.1540,0.2205,0.1351,0.2430,0.0475,0.0490
206a4611,8,31,0.8988,8.5967,0.1853,0.2369,0.1498,0.2736,0.0146,0.0386
531eb58a,8,32,0.8447,8.5967,0.1639,0.1979,0.1436,0.2206,0.0868,0.0319
206a4611,8,32,0.7913,8.5965,0.1654,0.2063,0.1333,0.2330,0.0148,0.0384
531eb58a,9,33,0.9189,8.5965,0.1479,0.2632,0.1316,0.2337,0.0923,0.0502
206a4611,9,33,0.8850,8.5964,0.1687,0.2588,0.1306,0.2495,0.0192,0.0582
531eb58a,9,34,0.9391,8.5963,0.1861,0.2588,0.1511,0.2609,0.0192,0.0631
206a4611,9,34,0.8561,8.5966,0.1858,0.1986,0.1477,0.2467,0.0449,0.0324
531eb58a,9,35,0.7832,8.5966,0.1761,0.2103,0.1211,0.2295,0.0123,0.0339
206a4611,9,35,0.8219,8.5967,0.1457,0.2167,0.1206,0.2229,0.0753,0.0406
531eb58a,9,36,0.7857,8.5967,0.1565,0.2217,0.1174,0.2267,0.0138,0.0497
206a4611,9,36,0.7900,8.5970,0.1474,0.2088,0.1499,0.2164,0.0259,0.0416
531eb58a,10,37,0.8316,8.5968,0.1499,0.2447,0.1285,0.2487,0.0191,0.0407
206a4611,10,37,0.8623,8.5963,0.1500,0.2521,0.1506,0.2359,0.0330,0.0407
531eb58a,10,38,0.8738,8.5968,0.1734,0.2423,0.1307,0.2582,0.0173,0.0520
206a4611,10,38,0.8438,8.5964,0.1605,0.2251,0.1475,0.2327,0.0257,0.0523
531eb58a,10,39,0.7634,8.5964,0.1756,0.2080,0.1174,0.2094,0.0138,0.0393
206a4611,10,39,0.7661,8.5967,0.1581,0.1998,0.1280,0.2292,0.0177,0.0333
531eb58a,10,40,0.8209,8.5963,0.1440,0.2368,0.1302,0.2213,0.0328,0.0559
206a4611,10,40,0.8354,8.5966,0.1460,0.2320,0.1572,0.2342,0.0197,0.0462
531eb58a,11,41,0.8615,8.5964,0.1654,0.2430,0.1391,0.2553,0.0163,0.0424
206a4611,11,41,0.9351,8.5964,0.1833,0.2560,0.1557,0.2752,0.0186,0.0461
531eb58a,11,42,0.9039,8.5965,0.1590,0.2407,0.1464,0.2688,0.0430,0.0461
206a4611,11,42,0.8594,8.5974,0.1781,0.2205,0.1399,0.2601,0.0209,0.0398
531eb58a,11,43,0.7879,8.5968,0.1592,0.2241,0.1202,0.2102,0.0368,0.0374
206a4611,11,43,0.7528,8.5963,0.1546,0.2079,0.1374,0.2010,0.0197,0.0323
531eb58a,11,44,0.7977,8.5968,0.1513,0.2086,0.1304,0.2292,0.0285,0.0497
206a4611,11,44,0.7711,8.5966,0.1507,0.2034,0.1291,0.2388,0.0165,0.0325
531eb58a,12,45,0.8227,8.5966,0.1579,0.2412,0.1190,0.2442,0.0178,0.0426
206a4611,12,45,0.9007,8.5967,0.1513,0.2534,0.1406,0.2709,0.0378,0.0467
531eb58a,12,46,0.9062,8.5970,0.1707,0.2398,0.1676,0.2565,0.0157,0.0558
206a4611,12,46,0.8886,8.5966,0.1845,0.2186,0.1572,0.2503,0.0238,0.0542
531eb58a,12,47,0.7669,8.5965,0.1595,0.2069,0.1414,0.2020,0.0245,0.0327
206a4611,12,47,0.8415,8.5964,0.1689,0.2352,0.1354,0.2354,0.0178,0.0488
531eb58a,12,48,0.9012,8.5967,0.1555,0.2344,0.1350,0.2461,0.0899,0.0404
206a4611,12,48,0.7987,8.5965,0.1717,0.2017,0.1453,0.2279,0.0192,0.0329
531eb58a,13,49,0.8810,8.5967,0.1470,0.2202,0.1382,0.2614,0.0634,0.0508
206a4611,13,49,0.8950,8.5963,0.1507,0.2638,0.1361,0.2407,0.0516,0.0522
531eb58a,13,50,1.0078,8.5966,0.1691,0.2956,0.1446,0.2917,0.0201,0.0866
206a4611,13,50,0.9981,8.5966,0.2080,0.2427,0.1674,0.2998,0.0328,0.0475
531eb58a,13,51,0.8456,8.5972,0.1868,0.1957,0.1405,0.2655,0.0146,0.0426
206a4611,13,51,0.8296,8.5965,0.1691,0.2250,0.1288,0.2360,0.0332,0.0375
531eb58a,13,52,0.8548,8.5966,0.1383,0.2449,0.1314,0.2620,0.0363,0.0419
206a4611,13,52,0.8759,8.5963,0.1602,0.2598,0.1471,0.2492,0.0170,0.0427
531eb58a,14,53,1.0608,8.5964,0.1870,0.3753,0.1675,0.2586,0.0195,0.0528
206a4611,14,53,1.1868,8.5967,0.1706,0.2866,0.2073,0.4202,0.0477,0.0544
531eb58a,14,54,1.0760,8.5963,0.2618,0.2680,0.1626,0.2973,0.0227,0.0636
206a4611,14,54,0.9738,8.5968,0.1991,0.2077,0.1639,0.3267,0.0334,0.0429
531eb58a,14,55,0.8870,8.5964,0.1714,0.2414,0.1305,0.2404,0.0474,0.0559
206a4611,14,55,0.8466,8.5964,0.1606,0.2525,0.1486,0.2252,0.0176,0.0420
531eb58a,14,56,0.7959,8.5963,0.1491,0.2260,0.1376,0.2319,0.0147,0.0365
206a4611,14,56,0.8944,8.5969,0.1720,0.2750,0.1468,0.2286,0.0181,0.0538
531eb58a,15,57,1.0461,8.5965,0.1557,0.3355,0.1445,0.2698,0.0964,0.0442
206a4611,15,57,1.0173,8.5965,0.1878,0.2540,0.2226,0.2771,0.0214,0.0544
531eb58a,15,58,1.0778,8.5965,0.1855,0.2770,0.1449,0.3296,0.0765,0.0643
206a4611,15,58,1.0746,8.5964,0.1809,0.2270,0.2253,0.3447,0.0459,0.0508
531eb58a,15,59,0.9877,8.5966,0.1742,0.2510,0.1457,0.2592,0.1121,0.0457
206a4611,15,59,0.8116,8.5967,0.1726,0.2172,0.1380,0.2212,0.0166,0.0461
531eb58a,15,60,0.8937,8.5972,0.1531,0.3048,0.1202,0.2471,0.0148,0.0537
206a4611,15,60,0.9889,8.5966,0.1669,0.2103,0.1993,0.3371,0.0324,0.0429
531eb58a,16,61,0.8713,8.5964,0.2239,0.2159,0.1279,0.2438,0.0183,0.0415
206a4611,16,61,0.8471,8.5965,0.1617,0.2461,0.1244,0.2431,0.0291,0.0428
531eb58a,16,62,0.8509,8.5964,0.1659,0.2412,0.1307,0.2470,0.0154,0.0507
206a4611,16,62,0.8187,8.5964,0.1652,0.2149,0.1321,0.2384,0.0178,0.0502
531eb58a,16,63,0.7962,8.5966,0.1712,0.2094,0.1275,0.2314,0.0136,0.0431
206a4611,16,63,0.7930,8.5963,0.1516,0.2234,0.1296,0.2270,0.0172,0.0442
531eb58a,16,64,0.8791,8.5972,0.1494,0.2361,0.1341,0.2885,0.0109,0.0600
206a4611,16,64,0.8845,8.5971,0.1829,0.2318,0.1564,0.2432,0.0374,0.0328
531eb58a,17,65,0.9023,8.5968,0.1615,0.2755,0.1308,0.2559,0.0251,0.0534
206a4611,17,65,1.0090,8.5964,0.1984,0.2933,0.1635,0.2709,0.0216,0.0613
531eb58a,17,66,1.0412,8.5967,0.1923,0.3088,0.1591,0.3072,0.0229,0.0510
206a4611,17,66,1.0508,8.5966,0.1848,0.2362,0.1834,0.3695,0.0164,0.0605
531eb58a,17,67,0.9696,8.5966,0.2017,0.2636,0.1510,0.2546,0.0459,0.0527
206a4611,17,67,0.8704,8.5968,0.1611,0.2186,0.1685,0.2639,0.0209,0.0375
531eb58a,17,68,0.8302,8.5968,0.1684,0.2036,0.1317,0.2605,0.0122,0.0539
206a4611,17,68,0.8850,8.5966,0.1638,0.2629,0.1318,0.2544,0.0263,0.0459
531eb58a,18,69,0.9307,8.5965,0.1917,0.2524,0.1651,0.2508,0.0190,0.0517
206a4611,18,69,0.9231,8.5968,0.1694,0.2433,0.1424,0.2957,0.0166,0.0557
531eb58a,18,70,0.9667,8.5965,0.1805,0.2831,0.1484,0.2831,0.0181,0.0535
206a4611,18,70,0.9443,8.5963,0.1992,0.2452,0.1629,0.2757,0.0200,0.0414
531eb58a,18,71,0.8865,8.5965,0.1831,0.2340,0.1426,0.2656,0.0166,0.0445
206a4611,18,71,0.8517,8.5963,0.1728,0.2338,0.1338,0.2353,0.0270,0.0489
531eb58a,18,72,0.8626,8.5965,0.1684,0.2482,0.1329,0.2422,0.0168,0.0542
206a4611,18,72,0.9615,8.5965,0.1716,0.2716,0.1510,0.2965,0.0246,0.0463
531eb58a,19,73,1.0055,8.5965,0.1990,0.2720,0.1584,0.2982,0.0234,0.0544
206a4611,19,73,1.1987,8.5965,0.1926,0.3527,0.1735,0.3793,0.0320,0.0687
531eb58a,19,74,1.0911,8.5966,0.1869,0.2569,0.1969,0.2951,0.1135,0.0420
206a4611,19,74,0.9003,8.5967,0.1887,0.2075,0.1784,0.2681,0.0204,0.0374
531eb58a,19,75,0.9410,8.5968,0.1620,0.2365,0.1327,0.2629,0.0991,0.0477
206a4611,19,75,0.7996,8.5965,0.1534,0.2279,0.1380,0.2003,0.0471,0.0328
531eb58a,19,76,0.8557,8.5974,0.1602,0.2568,0.1266,0.2527,0.0116,0.0478
206a4611,19,76,0.9039,8.5964,0.1863,0.2563,0.1326,0.2414,0.0375,0.0499
531eb58a,20,77,0.8951,8.5963,0.1835,0.2839,0.1367,0.2235,0.0160,0.0515
206a4611,20,77,0.8848,8.5964,0.1697,0.2552,0.1307,0.2651,0.0188,0.0454
531eb58a,20,78,0.9244,8.5964,0.1776,0.2728,0.1418,0.2609,0.0149,0.0564
206a4611,20,78,0.9009,8.5968,0.1788,0.2110,0.1473,0.2703,0.0467,0.0469
531eb58a,20,79,0.8038,8.5963,0.1579,0.2350,0.1232,0.2255,0.0194,0.0429
206a4611,20,79,0.9728,8.5964,0.1675,0.3066,0.1441,0.2766,0.0168,0.0611
531eb58a,20,80,0.9791,8.5968,0.1589,0.2322,0.2042,0.2901,0.0526,0.0411
206a4611,20,80,0.8334,8.5967,0.1805,0.1836,0.1518,0.2587,0.0200,0.0388
531eb58a,1,1,0.8210,8.5965,0.1843,0.2325,0.1380,0.2100,0.0149,0.0414
206a4611,1,1,1.1901,8.5968,0.1878,0.2372,0.1276,0.2376,0.3641,0.0357
531eb58a,1,2,0.8373,8.5964,0.1703,0.2298,0.1369,0.2245,0.0193,0.0565
206a4611,1,2,0.8279,8.5966,0.1702,0.2199,0.1378,0.2311,0.0293,0.0397
531eb58a,1,3,0.7956,8.5965,0.1722,0.2157,0.1172,0.2259,0.0156,0.0489
206a4611,1,3,0.7797,8.5963,0.1468,0.2171,0.1159,0.2150,0.0410,0.0438
531eb58a,1,4,0.9485,8.5971,0.1767,0.3001,0.1377,0.2688,0.0136,0.0516
206a4611,1,4,1.0043,8.5965,0.1565,0.2121,0.2015,0.2786,0.1190,0.0365
531eb58a,2,5,0.8541,8.5964,0.1511,0.2457,0.1323,0.2427,0.0373,0.0449
206a4611,2,5,0.8716,8.5963,0.1731,0.2474,0.1340,0.2390,0.0231,0.0549
531eb58a,2,6,0.8693,8.5971,0.1771,0.2618,0.1302,0.2445,0.0144,0.0414
206a4611,2,6,0.8973,8.5964,0.1784,0.2535,0.1469,0.2534,0.0204,0.0447
531eb58a,2,7,0.8132,8.5963,0.1671,0.2229,0.1285,0.2248,0.0283,0.0416
206a4611,2,7,0.8007,8.5966,0.1549,0.2127,0.1350,0.2280,0.0198,0.0503
531eb58a,2,8,0.8522,8.5965,0.1647,0.2086,0.1354,0.2404,0.0622,0.0409
206a4611,2,8,0.8165,8.5966,0.1619,0.2312,0.1337,0.2312,0.0212,0.0374
531eb58a,3,9,0.8810,8.5967,0.1573,0.2527,0.1489,0.2451,0.0313,0.0457
206a4611,3,9,0.9061,8.5965,0.1675,0.2542,0.1489,0.2579,0.0171,0.0604
531eb58a,3,10,1.0017,8.5965,0.1808,0.3134,0.1457,0.2799,0.0183,0.0636
206a4611,3,10,0.9914,8.5966,0.1783,0.2629,0.1575,0.3166,0.0233,0.0527
531eb58a,3,11,0.9967,8.5972,0.2185,0.2466,0.1616,0.3012,0.0192,0.0497
206a4611,3,11,0.9680,8.5966,0.1931,0.2254,0.1537,0.2577,0.1007,0.0374
531eb58a,3,12,0.8375,8.5964,0.1560,0.2256,0.1305,0.2565,0.0184,0.0504
206a4611,3,12,0.8253,8.5966,0.1780,0.2302,0.1352,0.2204,0.0162,0.0453
531eb58a,4,13,0.8538,8.5964,0.1627,0.2491,0.1308,0.2372,0.0197,0.0543
206a4611,4,13,0.9784,8.5963,0.1627,0.2684,0.1397,0.3366,0.0194,0.0515
531eb58a,4,14,1.0222,8.5965,0.1966,0.2630,0.1634,0.2951,0.0406,0.0635
206a4611,4,14,0.9570,8.5967,0.1846,0.2509,0.1620,0.2771,0.0260,0.0564
531eb58a,4,15,0.9196,8.5972,0.1770,0.2473,0.1524,0.2689,0.0191,0.0549
206a4611,4,15,0.8609,8.5965,0.1576,0.2302,0.1490,0.2553,0.0193,0.0495
531eb58a,4,16,0.7680,8.5966,0.1545,0.2267,0.1330,0.2081,0.0124,0.0333
206a4611,4,16,0.8242,8.5963,0.1635,0.2262,0.1302,0.2524,0.0119,0.0401
531eb58a,5,17,1.0055,8.5968,0.1809,0.2732,0.1551,0.2878,0.0580,0.0505
206a4611,5,17,1.0358,8.5963,0.1811,0.2963,0.1474,0.2867,0.0655,0.0588
531eb58a,5,18,1.0223,8.5968,0.1746,0.2937,0.1503,0.3117,0.0182,0.0738
206a4611,5,18,0.9913,8.5964,0.2183,0.2337,0.1833,0.2720,0.0405,0.0436
531eb58a,5,19,0.8164,8.5964,0.1870,0.2195,0.1284,0.2107,0.0228,0.0479
206a4611,5,19,0.8152,8.5969,0.1669,0.2171,0.1431,0.2308,0.0175,0.0398
531eb58a,5,20,0.8005,8.5965,0.1438,0.2147,0.1210,0.2029,0.0857,0.0326
206a4611,5,20,0.8567,8.5965,0.1592,0.2564,0.1338,0.2476,0.0206,0.0390
531eb58a,6,21,0.9844,8.5963,0.1641,0.2836,0.1316,0.2536,0.1019,0.0496
206a4611,6,21,0.9891,8.5968,0.1826,0.3058,0.1506,0.2836,0.0169,0.0496
531eb58a,6,22,1.0148,8.5964,0.2092,0.2800,0.1759,0.2795,0.0203,0.0500
206a4611,6,22,0.9611,8.5965,0.1862,0.2611,0.1580,0.2800,0.0171,0.0586
531eb58a,6,23,0.9665,8.5972,0.1920,0.2704,0.1530,0.2678,0.0297,0.0537
206a4611,6,23,0.9207,8.5964,0.1647,0.2664,0.1492,0.2626,0.0389,0.0389
531eb58a,6,24,0.9043,8.5964,0.1567,0.2578,0.1452,0.2805,0.0196,0.0445
206a4611,6,24,0.9566,8.5963,0.2016,0.2444,0.1461,0.2984,0.0174,0.0487
531eb58a,7,25,0.9153,8.5965,0.1754,0.2537,0.1477,0.2448,0.0548,0.0390
206a4611,7,25,0.9711,8.5971,0.1609,0.3148,0.1315,0.2983,0.0158,0.0499
531eb58a,7,26,0.9677,8.5967,0.2025,0.2442,0.1612,0.3009,0.0197,0.0391
206a4611,7,26,0.9391,8.5971,0.1978,0.2453,0.1519,0.2772,0.0183,0.0487
531eb58a,7,27,0.9336,8.5964,0.1799,0.2551,0.1511,0.2471,0.0508,0.0496
206a4611,7,27,0.9452,8.5967,0.1688,0.2846,0.1442,0.2654,0.0146,0.0677
531eb58a,7,28,0.9226,8.5971,0.1815,0.2431,0.2037,0.2324,0.0223,0.0395
206a4611,7,28,0.8491,8.5969,0.1632,0.2449,0.1372,0.2458,0.0154,0.0427
531eb58a,8,29,0.9150,8.5963,0.1804,0.2837,0.1367,0.2510,0.0153,0.0478
206a4611,8,29,0.9166,8.5964,0.1650,0.2551,0.1555,0.2702,0.0183,0.0525
531eb58a,8,30,0.9790,8.5972,0.1636,0.2956,0.1447,0.2900,0.0170,0.0682
206a4611,8,30,0.9627,8.5964,0.1974,0.2544,0.1525,0.2871,0.0271,0.0441
531eb58a,8,31,0.9485,8.5967,0.2034,0.2231,0.1595,0.2909,0.0226,0.0491
206a4611,8,31,0.9914,8.5965,0.1905,0.2484,0.1394,0.2584,0.0924,0.0622
531eb58a,8,32,0.8874,8.5964,0.1790,0.2178,0.1488,0.2743,0.0209,0.0466
206a4611,8,32,0.7994,8.5964,0.1708,0.2144,0.1303,0.2332,0.0150,0.0357
531eb58a,9,33,0.9318,8.5967,0.1579,0.3136,0.1292,0.2585,0.0156,0.0570
206a4611,9,33,1.0658,8.5967,0.1976,0.2894,0.1655,0.3376,0.0203,0.0553
531eb58a,9,34,1.0569,8.5970,0.2134,0.2843,0.1576,0.3120,0.0234,0.0662
206a4611,9,34,1.0414,8.5964,0.2373,0.2771,0.1758,0.2513,0.0253,0.0746
531eb58a,9,35,0.9637,8.5967,0.1897,0.2303,0.1774,0.2721,0.0274,0.0667
206a4611,9,35,0.8902,8.5968,0.1930,0.2612,0.1453,0.2363,0.0189,0.0356
531eb58a,9,36,0.8483,8.5968,0.1458,0.2304,0.1501,0.2600,0.0202,0.0418
206a4611,9,36,0.8478,8.5967,0.1586,0.2567,0.1264,0.2428,0.0145,0.0489
531eb58a,10,37,1.0823,8.5967,0.1971,0.3106,0.1678,0.3208,0.0319,0.0540
206a4611,10,37,1.0579,8.5966,0.1979,0.2555,0.1798,0.2851,0.0911,0.0486
531eb58a,10,38,1.0875,8.5965,0.2213,0.3594,0.1612,0.2595,0.0187,0.0675
206a4611,10,38,1.0398,8.5965,0.1907,0.2477,0.1680,0.3164,0.0687,0.0482
531eb58a,10,39,0.9380,8.5969,0.2070,0.2620,0.1561,0.2532,0.0229,0.0368
206a4611,10,39,1.0496,8.5970,0.1779,0.2781,0.1344,0.2864,0.1095,0.0634
531eb58a,10,40,0.8947,8.5964,0.1896,0.2332,0.1696,0.2380,0.0231,0.0411
206a4611,10,40,0.7905,8.5967,0.1647,0.2272,0.1224,0.2185,0.0131,0.0446
531eb58a,11,41,0.9072,8.5968,0.1705,0.2425,0.1434,0.2809,0.0136,0.0563
206a4611,11,41,0.9737,8.5964,0.1737,0.2594,0.1584,0.2554,0.0895,0.0373
531eb58a,11,42,0.9161,8.5965,0.1799,0.2550,0.1386,0.2515,0.0205,0.0707
206a4611,11,42,0.9036,8.5963,0.1863,0.2460,0.1392,0.2552,0.0243,0.0526
531eb58a,11,43,0.8958,8.5965,0.2038,0.2417,0.1324,0.2395,0.0196,0.0589
206a4611,11,43,0.9230,8.5965,0.1962,0.2646,0.1417,0.2436,0.0231,0.0538
531eb58a,11,44,0.8788,8.5965,0.1743,0.2201,0.1491,0.2772,0.0141,0.0440
206a4611,11,44,0.8060,8.5963,0.1680,0.2270,0.1342,0.2192,0.0169,0.0407
531eb58a,12,45,0.8281,8.5964,0.1482,0.2681,0.1224,0.2273,0.0178,0.0443
206a4611,12,45,0.8533,8.5964,0.1859,0.2250,0.1386,0.2498,0.0156,0.0385
531eb58a,12,46,0.9104,8.5968,0.1710,0.2442,0.1510,0.2748,0.0205,0.0489
206a4611,12,46,0.8763,8.5968,0.1632,0.2238,0.1374,0.2481,0.0624,0.0415
531eb58a,12,47,0.7898,8.5967,0.1618,0.2221,0.1276,0.2252,0.0181,0.0350
206a4611,12,47,0.8242,8.5969,0.1665,0.2211,0.1377,0.2461,0.0158,0.0370
531eb58a,12,48,0.7965,8.5965,0.1476,0.2125,0.1328,0.2303,0.0342,0.0390
206a4611,12,48,0.8045,8.5966,0.1616,0.2164,0.1408,0.2310,0.0154,0.0393
531eb58a,13,49,0.9047,8.5964,0.1504,0.2307,0.1240,0.2690,0.0778,0.0528
206a4611,13,49,0.9350,8.5964,0.1868,0.2766,0.1322,0.2578,0.0191,0.0624
531eb58a,13,50,1.1393,8.5970,0.1733,0.3796,0.1454,0.3488,0.0183,0.0738
206a4611,13,50,1.2129,8.5967,0.1922,0.2651,0.2241,0.4370,0.0433,0.0513
531eb58a,13,51,0.9669,8.5967,0.2102,0.2279,0.1524,0.2784,0.0609,0.0371
206a4611,13,51,0.7995,8.5963,0.1883,0.2210,0.1247,0.2117,0.0144,0.0394
531eb58a,13,52,0.7612,8.5964,0.1636,0.2041,0.1238,0.2174,0.0197,0.0325
206a4611,13,52,0.8412,8.5968,0.1664,0.2178,0.1438,0.2620,0.0184,0.0327
531eb58a,14,53,0.9210,8.5970,0.1520,0.2336,0.1295,0.2571,0.0991,0.0495
206a4611,14,53,0.9907,8.5965,0.1652,0.3052,0.1560,0.2797,0.0248,0.0597
531eb58a,14,54,1.0153,8.5964,0.1830,0.2783,0.1638,0.2992,0.0279,0.0633
206a4611,14,54,0.8634,8.5963,0.2100,0.2108,0.1448,0.2481,0.0185,0.0311
531eb58a,14,55,0.7939,8.5965,0.1884,0.2052,0.1289,0.2149,0.0148,0.0417
206a4611,14,55,0.7660,8.5964,0.1489,0.2032,0.1305,0.2258,0.0242,0.0334
531eb58a,14,56,0.7627,8.5964,0.1480,0.2130,0.1239,0.2221,0.0109,0.0448
206a4611,14,56,0.7720,8.5966,0.1472,0.2303,0.1198,0.2179,0.0152,0.0416
531eb58a,15,57,0.9817,8.5964,0.1683,0.2952,0.1435,0.2734,0.0164,0.0848
206a4611,15,57,1.1441,8.5967,0.1783,0.2941,0.1750,0.3314,0.0771,0.0882
531eb58a,15,58,1.0988,8.5963,0.2174,0.2591,0.2115,0.3259,0.0255,0.0593
206a4611,15,58,0.9196,8.5967,0.1657,0.2240,0.1578,0.2369,0.0955,0.0397
531eb58a,15,59,0.8123,8.5963,0.1660,0.2298,0.1253,0.2253,0.0182,0.0476
206a4611,15,59,0.8148,8.5965,0.1588,0.2257,0.1239,0.2346,0.0292,0.0426
531eb58a,15,60,0.7868,8.5970,0.1631,0.2016,0.1305,0.2309,0.0179,0.0427
206a4611,15,60,0.8615,8.5964,0.1632,0.2306,0.1359,0.2529,0.0203,0.0586
531eb58a,16,61,0.8961,8.5968,0.1657,0.2467,0.1402,0.2476,0.0530,0.0430
206a4611,16,61,0.8410,8.5963,0.1658,0.2382,0.1359,0.2411,0.0133,0.0467
531eb58a,16,62,0.9218,8.5965,0.1830,0.2451,0.1472,0.2593,0.0205,0.0667
206a4611,16,62,0.8786,8.5967,0.1611,0.2146,0.1478,0.2494,0.0705,0.0352
531eb58a,16,63,0.8018,8.5969,0.1673,0.2162,0.1201,0.2274,0.0135,0.0574
206a4611,16,63,0.8152,8.5964,0.1438,0.2467,0.1226,0.2147,0.0425,0.0448
531eb58a,16,64,0.8145,8.5963,0.1560,0.2448,0.1299,0.2256,0.0135,0.0446
206a4611,16,64,0.8464,8.5964,0.1795,0.2066,0.1407,0.2516,0.0185,0.0494
531eb58a,17,65,0.8827,8.5964,0.1727,0.2532,0.1341,0.2374,0.0330,0.0523
206a4611,17,65,0.9065,8.5965,0.1672,0.2386,0.1664,0.2683,0.0223,0.0437
531eb58a,17,66,0.9052,8.5966,0.1786,0.2322,0.1494,0.2625,0.0162,0.0663
206a4611,17,66,0.8308,8.5963,0.1700,0.2222,0.1404,0.2313,0.0280,0.0389
531eb58a,17,67,0.7602,8.5963,0.1620,0.2204,0.1171,0.2084,0.0108,0.0415
206a4611,17,67,0.7944,8.5965,0.1580,0.2056,0.1432,0.2308,0.0214,0.0355
531eb58a,17,68,0.7909,8.5964,0.1436,0.2111,0.1319,0.2301,0.0325,0.0417
206a4611,17,68,0.7847,8.5966,0.1509,0.2165,0.1269,0.2394,0.0167,0.0344
531eb58a,18,69,0.8425,8.5968,0.1588,0.2350,0.1275,0.2561,0.0208,0.0442
206a4611,18,69,0.8821,8.5967,0.1710,0.2774,0.1338,0.2472,0.0178,0.0349
531eb58a,18,70,0.9217,8.5965,0.1624,0.2580,0.1480,0.2715,0.0234,0.0585
206a4611,18,70,0.8975,8.5967,0.2019,0.2390,0.1461,0.2482,0.0174,0.0449
531eb58a,18,71,0.9161,8.5964,0.1674,0.2838,0.1400,0.2453,0.0169,0.0627
206a4611,18,71,0.9490,8.5970,0.1700,0.2632,0.1863,0.2514,0.0233,0.0548
531eb58a,18,72,0.9733,8.5965,0.1630,0.3129,0.1565,0.2748,0.0202,0.0458
206a4611,18,72,0.9592,8.5963,0.1962,0.2390,0.2191,0.2406,0.0181,0.0462
531eb58a,19,73,0.9250,8.5964,0.1725,0.2669,0.1452,0.2647,0.0292,0.0466
206a4611,19,73,0.9922,8.5966,0.1977,0.2667,0.1510,0.2995,0.0174,0.0599
531eb58a,19,74,0.9845,8.5965,0.1990,0.2715,0.1608,0.2832,0.0195,0.0504
206a4611,19,74,0.8861,8.5964,0.1832,0.2278,0.1447,0.2631,0.0167,0.0507
531eb58a,19,75,0.8438,8.5964,0.1631,0.2282,0.1423,0.2333,0.0192,0.0578
206a4611,19,75,0.8784,8.5963,0.1535,0.3203,0.1321,0.2142,0.0201,0.0382
531eb58a,19,76,1.0269,8.5967,0.1582,0.2610,0.2152,0.3150,0.0176,0.0600
206a4611,19,76,1.0081,8.5964,0.2112,0.2418,0.1611,0.2781,0.0766,0.0393
531eb58a,20,77,0.9750,8.5971,0.1584,0.3000,0.1341,0.2635,0.0507,0.0683
206a4611,20,77,1.0510,8.5964,0.1883,0.2760,0.1797,0.3086,0.0288,0.0697
531eb58a,20,78,0.9225,8.5967,0.1775,0.2548,0.1563,0.2428,0.0462,0.0449
206a4611,20,78,0.9348,8.5968,0.1807,0.2645,0.1556,0.2692,0.0233,0.0415
531eb58a,20,79,0.9329,8.5965,0.1869,0.2251,0.1447,0.2500,0.0740,0.0521
206a4611,20,79,0.9191,8.5964,0.1712,0.2781,0.1417,0.2689,0.0135,0.0457
531eb58a,20,80,0.9369,8.5965,0.1911,0.2401,0.1514,0.2645,0.0533,0.0366
206a4611,20,80,0.8035,8.5966,0.1821,0.1984,0.1462,0.2264,0.0167,0.0337
d11a9764,1,1,2.0142,8.5965,0.1801,0.2628,0.2157,0.2784,1.0155,0.0617
8319291b,1,1,2.4110,8.5969,0.2025,0.2284,0.1561,0.2580,1.5174,0.0485
d11a9764,1,2,0.8529,8.5963,0.1689,0.2550,0.1407,0.2203,0.0196,0.0484
8319291b,1,2,0.8517,8.5968,0.1586,0.2590,0.1206,0.2431,0.0194,0.0510
d11a9764,1,3,0.8654,8.5968,0.1961,0.2341,0.1411,0.2299,0.0171,0.0471
8319291b,1,3,0.8367,8.5968,0.1802,0.2251,0.1420,0.2226,0.0325,0.0343
d11a9764,1,4,0.7848,8.5966,0.1493,0.2074,0.1281,0.2314,0.0195,0.0491
8319291b,1,4,0.8106,8.5963,0.1603,0.2177,0.1335,0.2256,0.0272,0.0463
d11a9764,2,5,0.8276,8.5973,0.1550,0.2390,0.1274,0.2459,0.0202,0.0401
8319291b,2,5,0.8467,8.5963,0.1629,0.2382,0.1319,0.2431,0.0171,0.0534
d11a9764,2,6,1.0216,8.5965,0.1714,0.3360,0.1463,0.2782,0.0240,0.0658
8319291b,2,6,0.9717,8.5965,0.1844,0.2433,0.1513,0.2857,0.0543,0.0527
d11a9764,2,7,0.9840,8.5965,0.1858,0.2899,0.1477,0.2854,0.0176,0.0576
8319291b,2,7,0.9540,8.5965,0.1850,0.2059,0.1627,0.2508,0.1145,0.0351
d11a9764,2,8,0.8230,8.5966,0.1655,0.2233,0.1314,0.2367,0.0191,0.0469
8319291b,2,8,1.0385,8.5965,0.1703,0.2324,0.1271,0.2354,0.2312,0.0421
d11a9764,3,9,0.8837,8.5965,0.1592,0.2514,0.1422,0.2769,0.0122,0.0419
8319291b,3,9,0.9195,8.5965,0.1801,0.2593,0.1370,0.2698,0.0347,0.0386
d11a9764,3,10,0.9275,8.5968,0.1715,0.2722,0.1431,0.2755,0.0137,0.0516
8319291b,3,10,0.9046,8.5963,0.1967,0.2166,0.1576,0.2655,0.0238,0.0445
d11a9764,3,11,0.8416,8.5963,0.1868,0.2374,0.1259,0.2261,0.0177,0.0476
8319291b,3,11,0.8080,8.5968,0.1662,0.2165,0.1412,0.2338,0.0115,0.0388
d11a9764,3,12,0.7596,8.5966,0.1507,0.2228,0.1229,0.2169,0.0130,0.0332
8319291b,3,12,0.7489,8.5965,0.1526,0.2174,0.1175,0.2134,0.0152,0.0328
d11a9764,4,13,0.8668,8.5964,0.1535,0.2678,0.1216,0.2581,0.0153,0.0505
8319291b,4,13,0.9505,8.5966,0.1732,0.2867,0.1396,0.2850,0.0180,0.0479
d11a9764,4,14,0.9775,8.5965,0.1983,0.2393,0.1883,0.2611,0.0259,0.0646
8319291b,4,14,0.9037,8.5963,0.2069,0.2264,0.1511,0.2462,0.0276,0.0456
d11a9764,4,15,0.8240,8.5969,0.1737,0.2108,0.1377,0.2399,0.0190,0.0428
8319291b,4,15,0.8005,8.5964,0.1505,0.2261,0.1273,0.2259,0.0333,0.0374
d11a9764,4,16,0.7720,8.5969,0.1502,0.2169,0.1264,0.2293,0.0138,0.0355
8319291b,4,16,0.7470,8.5963,0.1535,0.2076,0.1251,0.2084,0.0150,0.0375
d11a9764,5,17,0.8291,8.5964,0.1612,0.2325,0.1270,0.2300,0.0180,0.0603
8319291b,5,17,0.8747,8.5965,0.1708,0.2353,0.1425,0.2485,0.0315,0.0461
d11a9764,5,18,0.8797,8.5963,0.1718,0.2440,0.1405,0.2520,0.0135,0.0580
8319291b,5,18,0.8568,8.5965,0.1697,0.2065,0.1556,0.2468,0.0291,0.0491
d11a9764,5,19,0.7790,8.5964,0.1598,0.2105,0.1358,0.2222,0.0148,0.0360
8319291b,5,19,0.7521,8.5964,0.1524,0.2138,0.1187,0.2123,0.0184,0.0365
d11a9764,5,20,0.7704,8.5964,0.1495,0.2406,0.1157,0.2119,0.0144,0.0384
8319291b,5,20,0.8398,8.5964,0.1563,0.2549,0.1312,0.2291,0.0150,0.0534
d11a9764,6,21,0.8839,8.5968,0.2027,0.2306,0.1373,0.2604,0.0159,0.0370
8319291b,6,21,0.9246,8.5964,0.1707,0.2714,0.1328,0.2517,0.0349,0.0631
d11a9764,6,22,0.9671,8.5965,0.1732,0.2385,0.1750,0.3059,0.0234,0.0511
8319291b,6,22,0.8626,8.5965,0.1834,0.2078,0.1378,0.2533,0.0350,0.0453
d11a9764,6,23,0.7983,8.5967,0.1696,0.2094,0.1304,0.2292,0.0135,0.0462
8319291b,6,23,0.7900,8.5966,0.1638,0.2174,0.1260,0.2258,0.0180,0.0392
d11a9764,6,24,0.7831,8.5965,0.1425,0.2164,0.1303,0.2312,0.0184,0.0442
8319291b,6,24,0.7649,8.5963,0.1455,0.2085,0.1248,0.2212,0.0313,0.0338
d11a9764,7,25,0.8347,8.5966,0.1633,0.2474,0.1259,0.2391,0.0113,0.0478
8319291b,7,25,0.8773,8.5967,0.1639,0.2343,0.1314,0.2467,0.0497,0.0513
d11a9764,7,26,0.9061,8.5963,0.2126,0.2311,0.1513,0.2546,0.0169,0.0397
8319291b,7,26,0.9327,8.5965,0.1631,0.2199,0.1428,0.2538,0.1050,0.0482
d11a9764,7,27,0.8778,8.5964,0.1611,0.2323,0.1341,0.2745,0.0130,0.0628
8319291b,7,27,0.8975,8.5964,0.1930,0.2367,0.1481,0.2509,0.0240,0.0448
d11a9764,7,28,0.8473,8.5967,0.1663,0.2185,0.1497,0.2501,0.0160,0.0467
8319291b,7,28,0.7878,8.5963,0.1582,0.2100,0.1344,0.2280,0.0135,0.0437
d11a9764,8,29,0.8090,8.5968,0.1497,0.2374,0.1291,0.2326,0.0213,0.0389
8319291b,8,29,0.9002,8.5963,0.1638,0.2867,0.1327,0.2539,0.0147,0.0484
d11a9764,8,30,0.8950,8.5972,0.1717,0.2888,0.1310,0.2443,0.0155,0.0435
8319291b,8,30,0.8876,8.5970,0.1802,0.2218,0.1817,0.2393,0.0194,0.0453
d11a9764,8,31,0.8392,8.5968,0.1771,0.2132,0.1322,0.2378,0.0441,0.0348
8319291b,8,31,0.7626,8.5968,0.1505,0.2226,0.1294,0.2051,0.0158,0.0392
d11a9764,8,32,0.8211,8.5967,0.1464,0.2288,0.1336,0.2631,0.0120,0.0372
8319291b,8,32,0.8567,8.5964,0.1798,0.2379,0.1372,0.2418,0.0138,0.0462
d11a9764,9,33,0.8881,8.5964,0.1470,0.2492,0.1344,0.2412,0.0727,0.0435
8319291b,9,33,0.9222,8.5965,0.1850,0.2562,0.1247,0.2836,0.0189,0.0537
d11a9764,9,34,1.0381,8.5968,0.1945,0.2657,0.1913,0.3103,0.0226,0.0538
8319291b,9,34,1.0583,8.5965,0.2073,0.2742,0.1476,0.2888,0.0667,0.0737
d11a9764,9,35,0.8525,8.5964,0.1921,0.2105,0.1420,0.2495,0.0197,0.0387
8319291b,9,35,0.8286,8.5963,0.1833,0.2185,0.1371,0.2261,0.0151,0.0486
d11a9764,9,36,0.8902,8.5964,0.1463,0.2494,0.1305,0.2368,0.0825,0.0448
8319291b,9,36,0.9535,8.5968,0.1693,0.2864,0.1627,0.2674,0.0187,0.0489
d11a9764,10,37,1.1938,8.5969,0.1755,0.3046,0.1637,0.3087,0.1937,0.0476
8319291b,10,37,1.0698,8.5967,0.2032,0.2966,0.1709,0.2999,0.0284,0.0708
d11a9764,10,38,1.0879,8.5966,0.2461,0.2592,0.1614,0.3306,0.0262,0.0643
8319291b,10,38,1.0822,8.5968,0.2049,0.2801,0.1916,0.3145,0.0226,0.0685
d11a9764,10,39,1.0758,8.5964,0.1819,0.2397,0.1786,0.2938,0.1272,0.0544
8319291b,10,39,0.9132,8.5968,0.1843,0.2595,0.1403,0.2717,0.0196,0.0378
d11a9764,10,40,0.9048,8.5963,0.1593,0.2458,0.1567,0.2616,0.0379,0.0434
8319291b,10,40,0.8317,8.5964,0.1677,0.2159,0.1333,0.2531,0.0184,0.0432
d11a9764,11,41,0.8629,8.5965,0.1758,0.2372,0.1401,0.2524,0.0151,0.0422
8319291b,11,41,0.8840,8.5964,0.1606,0.2451,0.1355,0.2556,0.0467,0.0405
d11a9764,11,42,0.8567,8.5964,0.1709,0.2232,0.1447,0.2554,0.0188,0.0438
8319291b,11,42,0.8724,8.5963,0.1708,0.2401,0.1389,0.2443,0.0318,0.0465
d11a9764,11,43,0.8105,8.5968,0.1549,0.2046,0.1380,0.2513,0.0158,0.0459
8319291b,11,43,0.7889,8.5967,0.1635,0.2252,0.1273,0.2218,0.0158,0.0353
d11a9764,11,44,0.8185,8.5963,0.1495,0.2344,0.1275,0.2494,0.0147,0.0430
8319291b,11,44,0.8715,8.5964,0.1890,0.2302,0.1439,0.2490,0.0168,0.0425
d11a9764,12,45,0.8798,8.5965,0.1769,0.2221,0.1470,0.2471,0.0444,0.0423
8319291b,12,45,0.8543,8.5967,0.1677,0.2237,0.1426,0.2517,0.0164,0.0523
d11a9764,12,46,0.8408,8.5968,0.1655,0.2240,0.1392,0.2570,0.0163,0.0390
8319291b,12,46,0.8921,8.5963,0.1840,0.2586,0.1407,0.2424,0.0157,0.0506
d11a9764,12,47,0.8881,8.5965,0.1694,0.2335,0.1508,0.2643,0.0175,0.0526
8319291b,12,47,0.8453,8.5966,0.1692,0.2080,0.1467,0.2598,0.0231,0.0385
d11a9764,12,48,0.8215,8.5967,0.1632,0.2141,0.1320,0.2333,0.0458,0.0331
8319291b,12,48,0.7653,8.5966,0.1487,0.2203,0.1242,0.2170,0.0137,0.0415
d11a9764,13,49,0.7962,8.5964,0.1614,0.2232,0.1226,0.2268,0.0142,0.0480
8319291b,13,49,0.9228,8.5964,0.1701,0.2957,0.1325,0.2608,0.0188,0.0449
d11a9764,13,50,0.9718,8.5972,0.2070,0.2365,0.1955,0.2644,0.0200,0.0484
8319291b,13,50,0.9022,8.5968,0.1695,0.2557,0.1332,0.2474,0.0464,0.0500
d11a9764,13,51,0.8071,8.5963,0.1695,0.2059,0.1295,0.2419,0.0125,0.0477
8319291b,13,51,0.8039,8.5964,0.1685,0.2315,0.1350,0.2106,0.0146,0.0438
d11a9764,13,52,0.8549,8.5966,0.1551,0.2564,0.1370,0.2415,0.0130,0.0518
8319291b,13,52,0.8722,8.5963,0.1568,0.2583,0.1529,0.2406,0.0169,0.0467
d11a9764,14,53,0.8507,8.5964,0.1573,0.2446,0.1410,0.2399,0.0253,0.0426
8319291b,14,53,0.8881,8.5966,0.1651,0.2575,0.1398,0.2599,0.0143,0.0514
d11a9764,14,54,0.9053,8.5964,0.1702,0.2593,0.1493,0.2615,0.0197,0.0452
8319291b,14,54,0.9365,8.5971,0.1853,0.2579,0.1447,0.2847,0.0217,0.0421
d11a9764,14,55,0.8221,8.5966,0.1834,0.2140,0.1386,0.2185,0.0302,0.0375
8319291b,14,55,0.7747,8.5963,0.1597,0.2146,0.1241,0.2110,0.0114,0.0541
d11a9764,14,56,0.8369,8.5966,0.1523,0.2194,0.1502,0.2277,0.0452,0.0421
8319291b,14,56,0.8112,8.5964,0.1469,0.2418,0.1442,0.2231,0.0158,0.0393
d11a9764,15,57,0.8830,8.5965,0.1564,0.2482,0.1378,0.2628,0.0280,0.0498
8319291b,15,57,0.9093,8.5964,0.1793,0.2442,0.1538,0.2566,0.0241,0.0514
d11a9764,15,58,0.9292,8.5967,0.1796,0.2929,0.1422,0.2556,0.0133,0.0455
8319291b,15,58,0.9444,8.5966,0.1933,0.2386,0.1532,0.2914,0.0162,0.0516
d11a9764,15,59,0.8596,8.5964,0.1827,0.2720,0.1291,0.2079,0.0257,0.0421
8319291b,15,59,0.8593,8.5964,0.1755,0.2192,0.1793,0.2276,0.0191,0.0385
d11a9764,15,60,0.9426,8.5968,0.1605,0.2290,0.1270,0.2778,0.0708,0.0774
8319291b,15,60,0.9234,8.5963,0.1882,0.2679,0.1421,0.2422,0.0241,0.0589
d11a9764,16,61,0.9222,8.5971,0.1708,0.2352,0.1607,0.2752,0.0324,0.0479
8319291b,16,61,0.8921,8.5964,0.1883,0.2322,0.1451,0.2606,0.0205,0.0453
d11a9764,16,62,0.8479,8.5964,0.1629,0.2299,0.1437,0.2500,0.0150,0.0465
8319291b,16,62,0.8931,8.5967,0.1619,0.2411,0.1522,0.2722,0.0162,0.0495
d11a9764,16,63,0.8428,8.5965,0.1715,0.2150,0.1389,0.2318,0.0417,0.0439
8319291b,16,63,0.8144,8.5967,0.1634,0.2447,0.1291,0.2278,0.0181,0.0312
d11a9764,16,64,0.9072,8.5964,0.1547,0.2464,0.1379,0.2775,0.0381,0.0528
8319291b,16,64,0.8841,8.5966,0.1906,0.2303,0.1423,0.2654,0.0174,0.0382
d11a9764,17,65,0.9059,8.5963,0.1698,0.2689,0.1357,0.2601,0.0251,0.0461
8319291b,17,65,1.0351,8.5969,0.1904,0.3349,0.1498,0.2816,0.0188,0.0595
d11a9764,17,66,0.9010,8.5967,0.1883,0.2422,0.1520,0.2535,0.0188,0.0462
8319291b,17,66,0.8981,8.5966,0.2014,0.2427,0.1520,0.2409,0.0184,0.0426
d11a9764,17,67,1.0241,8.5963,0.1771,0.2405,0.1582,0.2750,0.1096,0.0636
8319291b,17,67,0.9202,8.5964,0.1917,0.2588,0.1395,0.2643,0.0162,0.0497
d11a9764,17,68,0.8525,8.5964,0.1735,0.2023,0.1519,0.2450,0.0245,0.0553
8319291b,17,68,0.8306,8.5965,0.1583,0.2366,0.1310,0.2390,0.0267,0.0390
d11a9764,18,69,0.8214,8.5964,0.1533,0.2444,0.1250,0.2344,0.0220,0.0423
8319291b,18,69,0.9132,8.5963,0.1858,0.2733,0.1329,0.2559,0.0146,0.0508
d11a9764,18,70,0.9134,8.5966,0.1769,0.2408,0.1465,0.2546,0.0470,0.0476
8319291b,18,70,0.9330,8.5964,0.1871,0.2164,0.1511,0.2926,0.0191,0.0665
d11a9764,18,71,0.9509,8.5965,0.1954,0.2468,0.1295,0.2437,0.0979,0.0376
8319291b,18,71,0.8732,8.5965,0.1710,0.2257,0.1499,0.2644,0.0191,0.0431
d11a9764,18,72,0.8340,8.5964,0.1666,0.2099,0.1333,0.2415,0.0456,0.0372
8319291b,18,72,0.8204,8.5964,0.1826,0.2127,0.1326,0.2341,0.0148,0.0435
d11a9764,19,73,0.8858,8.5966,0.1489,0.2547,0.1257,0.2384,0.0721,0.0461
8319291b,19,73,0.9409,8.5967,0.1627,0.2792,0.1438,0.2794,0.0186,0.0571
d11a9764,19,74,0.9694,8.5966,0.1946,0.2734,0.1569,0.2762,0.0236,0.0447
8319291b,19,74,0.9220,8.5964,0.1974,0.2311,0.1494,0.2760,0.0189,0.0492
d11a9764,19,75,0.8510,8.5963,0.1868,0.2555,0.1356,0.2097,0.0224,0.0409
8319291b,19,75,0.8737,8.5968,0.1565,0.2422,0.1488,0.2691,0.0206,0.0366
d11a9764,19,76,0.9373,8.5969,0.1852,0.2492,0.1485,0.2670,0.0442,0.0431
8319291b,19,76,0.8658,8.5966,0.1669,0.2437,0.1463,0.2512,0.0153,0.0424
d11a9764,20,77,0.8919,8.5972,0.1655,0.2871,0.1329,0.2502,0.0159,0.0401
8319291b,20,77,0.9717,8.5968,0.1629,0.3139,0.1436,0.2890,0.0145,0.0478
d11a9764,20,78,0.9952,8.5964,0.2023,0.2536,0.1635,0.2976,0.0197,0.0584
8319291b,20,78,0.9383,8.5966,0.2172,0.2546,0.1486,0.2476,0.0233,0.0470
d11a9764,20,79,0.8533,8.5965,0.1710,0.2346,0.1511,0.2374,0.0181,0.0411
8319291b,20,79,0.7983,8.5966,0.1730,0.2097,0.1309,0.2200,0.0145,0.0501
d11a9764,20,80,0.8238,8.5968,0.1617,0.2388,0.1344,0.2263,0.0169,0.0456
8319291b,20,80,0.8332,8.5964,0.1657,0.2393,0.1394,0.2309,0.0190,0.0389
8319291b,1,1,0.8654,8.5963,0.1744,0.2573,0.1483,0.2272,0.0165,0.0417
d11a9764,1,1,1.2054,8.5965,0.1739,0.2271,0.1278,0.2436,0.3941,0.0388
8319291b,1,2,0.8294,8.5963,0.1724,0.2184,0.1383,0.2248,0.0195,0.0560
d11a9764,1,2,0.8815,8.5969,0.1589,0.2368,0.1318,0.2338,0.0649,0.0553
8319291b,1,3,0.9143,8.5964,0.1749,0.2559,0.1535,0.2703,0.0150,0.0447
d11a9764,1,3,0.9404,8.5968,0.1718,0.2333,0.1459,0.2876,0.0549,0.0469
8319291b,1,4,0.9093,8.5968,0.1826,0.2494,0.1501,0.2655,0.0194,0.0422
d11a9764,1,4,0.8881,8.5966,0.1725,0.2318,0.1450,0.2740,0.0333,0.0316
8319291b,2,5,0.8224,8.5964,0.1685,0.2388,0.1302,0.2322,0.0178,0.0349
d11a9764,2,5,0.9687,8.5963,0.1706,0.3213,0.1422,0.2479,0.0173,0.0694
8319291b,2,6,1.0105,8.5967,0.1899,0.2548,0.1667,0.3295,0.0227,0.0469
d11a9764,2,6,0.8946,8.5964,0.1990,0.2408,0.1377,0.2486,0.0143,0.0542
8319291b,2,7,0.8934,8.5963,0.1874,0.2392,0.1485,0.2545,0.0241,0.0397
d11a9764,2,7,0.8672,8.5965,0.1754,0.2361,0.1440,0.2494,0.0221,0.0403
8319291b,2,8,0.8020,8.5968,0.1682,0.2101,0.1321,0.2388,0.0153,0.0375
d11a9764,2,8,0.8295,8.5969,0.1564,0.2304,0.1313,0.2531,0.0122,0.0460
8319291b,3,9,0.9328,8.5965,0.1578,0.2697,0.1378,0.2604,0.0473,0.0599
d11a9764,3,9,0.9003,8.5969,0.1675,0.2278,0.1532,0.2881,0.0194,0.0444
8319291b,3,10,0.9310,8.5964,0.1905,0.2677,0.1391,0.2672,0.0185,0.0481
d11a9764,3,10,1.0060,8.5967,0.1640,0.2876,0.1561,0.2839,0.0510,0.0634
8319291b,3,11,0.9857,8.5965,0.1741,0.2726,0.1958,0.2748,0.0229,0.0453
d11a9764,3,11,0.9260,8.5967,0.1953,0.2274,0.1536,0.2806,0.0193,0.0498
8319291b,3,12,0.8973,8.5968,0.1833,0.2462,0.1427,0.2636,0.0154,0.0460
d11a9764,3,12,0.8256,8.5964,0.1688,0.2102,0.1357,0.2483,0.0191,0.0436
8319291b,4,13,0.9237,8.5968,0.1685,0.2912,0.1396,0.2612,0.0151,0.0480
d11a9764,4,13,0.9849,8.5963,0.1727,0.2574,0.1518,0.2795,0.0695,0.0540
8319291b,4,14,0.9481,8.5965,0.1934,0.2805,0.1521,0.2510,0.0180,0.0531
d11a9764,4,14,0.9064,8.5964,0.1840,0.2245,0.1616,0.2627,0.0286,0.0451
8319291b,4,15,0.8619,8.5965,0.1964,0.2227,0.1422,0.2442,0.0161,0.0403
d11a9764,4,15,0.9380,8.5971,0.1587,0.2500,0.1208,0.2750,0.0826,0.0509
8319291b,4,16,0.8473,8.5963,0.1956,0.2228,0.1427,0.2331,0.0169,0.0361
d11a9764,4,16,0.8802,8.5965,0.1773,0.2577,0.1207,0.2522,0.0170,0.0554
8319291b,5,17,1.0009,8.5967,0.1755,0.3082,0.1302,0.2717,0.0532,0.0622
d11a9764,5,17,1.0619,8.5964,0.2019,0.3026,0.1586,0.3078,0.0224,0.0686
8319291b,5,18,1.1401,8.5966,0.2795,0.2823,0.1746,0.3342,0.0197,0.0498
d11a9764,5,18,1.0130,8.5964,0.2115,0.2411,0.1419,0.2886,0.0690,0.0608
8319291b,5,19,0.8249,8.5964,0.2240,0.1978,0.1273,0.2183,0.0187,0.0389
d11a9764,5,19,0.7980,8.5971,0.1598,0.2027,0.1316,0.2365,0.0283,0.0390
8319291b,5,20,0.7982,8.5964,0.1449,0.2200,0.1294,0.2399,0.0295,0.0345
d11a9764,5,20,0.7751,8.5969,0.1446,0.2031,0.1261,0.2492,0.0194,0.0327
8319291b,6,21,0.8231,8.5963,0.1617,0.2467,0.1352,0.2252,0.0144,0.0400
d11a9764,6,21,0.8600,8.5966,0.1461,0.2301,0.1437,0.2696,0.0341,0.0364
8319291b,6,22,0.9186,8.5964,0.1879,0.2357,0.1506,0.2738,0.0177,0.0528
d11a9764,6,22,0.9295,8.5969,0.1711,0.2202,0.1510,0.2685,0.0745,0.0442
8319291b,6,23,0.8494,8.5964,0.1647,0.2076,0.1506,0.2647,0.0197,0.0421
d11a9764,6,23,0.8867,8.5967,0.1613,0.2408,0.1404,0.2586,0.0323,0.0535
8319291b,6,24,0.8930,8.5964,0.1655,0.2290,0.1590,0.2638,0.0253,0.0503
d11a9764,6,24,0.8521,8.5964,0.1742,0.2163,0.1517,0.2512,0.0180,0.0407
8319291b,7,25,0.8792,8.5966,0.1608,0.2719,0.1347,0.2208,0.0420,0.0491
d11a9764,7,25,0.9627,8.5963,0.1759,0.2332,0.1389,0.3450,0.0149,0.0548
8319291b,7,26,0.9881,8.5963,0.1888,0.2817,0.1540,0.2609,0.0509,0.0519
d11a9764,7,26,0.9096,8.5966,0.1794,0.2489,0.1425,0.2741,0.0183,0.0464
8319291b,7,27,0.8457,8.5965,0.1832,0.2246,0.1447,0.2378,0.0134,0.0418
d11a9764,7,27,0.8003,8.5966,0.1592,0.2158,0.1324,0.2279,0.0251,0.0399
8319291b,7,28,0.8032,8.5964,0.1661,0.2200,0.1259,0.2291,0.0165,0.0456
d11a9764,7,28,0.8184,8.5963,0.1541,0.2284,0.1260,0.2373,0.0334,0.0392
8319291b,8,29,0.9046,8.5967,0.1671,0.2621,0.1575,0.2617,0.0166,0.0397
d11a9764,8,29,0.9336,8.5963,0.1744,0.2647,0.1360,0.2486,0.0656,0.0442
8319291b,8,30,0.9612,8.5964,0.1818,0.2491,0.1778,0.2833,0.0192,0.0500
d11a9764,8,30,0.9639,8.5967,0.1821,0.2546,0.1413,0.2480,0.0897,0.0483
8319291b,8,31,0.7838,8.5963,0.2017,0.2005,0.1223,0.2082,0.0133,0.0379
d11a9764,8,31,0.7769,8.5964,0.1603,0.2136,0.1222,0.2266,0.0153,0.0388
8319291b,8,32,0.7357,8.5963,0.1563,0.2116,0.1101,0.1980,0.0248,0.0350
d11a9764,8,32,0.7951,8.5964,0.1583,0.2135,0.1295,0.2370,0.0119,0.0448
8319291b,9,33,0.8749,8.5964,0.1539,0.2415,0.1312,0.2230,0.0892,0.0362
d11a9764,9,33,0.8611,8.5966,0.1586,0.2254,0.1542,0.2617,0.0181,0.0431
8319291b,9,34,0.8903,8.5964,0.1686,0.2354,0.1363,0.2549,0.0513,0.0437
d11a9764,9,34,0.8839,8.5968,0.1752,0.2355,0.1474,0.2624,0.0172,0.0462
8319291b,9,35,0.8282,8.5963,0.1463,0.2042,0.1450,0.2402,0.0541,0.0385
d11a9764,9,35,0.7791,8.5967,0.1656,0.1986,0.1310,0.2319,0.0111,0.0408
8319291b,9,36,0.7785,8.5970,0.1538,0.2027,0.1274,0.2452,0.0174,0.0320
d11a9764,9,36,0.7665,8.5964,0.1429,0.2035,0.1295,0.2244,0.0274,0.0390
8319291b,10,37,0.9374,8.5968,0.1598,0.3067,0.1378,0.2622,0.0175,0.0534
